title_id,tmdb_title,genre,content_type,runtime_min,num_episodes,production_budget_musd,lead_star_power,critic_score,release_month,release_dayofweek,tmdb_popularity,overview,poster_path,release_date_full,source,pulled_date,is_series,licensing_flag,real_revenue_musd
SIM0000,Simulated Title 0,Action,Original Series,30.0,1,12.43846525201309,31.166132266605963,96.2,8,Thu,,,,,simulated_bootstrap,,0,0,0.0
SIM0001,Simulated Title 1,Reality,Licensed Film,62.0,19,5.882589515574695,17.2173590514398,71.8,10,Mon,,,,,simulated_bootstrap,,1,1,0.0
SIM0002,Simulated Title 2,Romance,Original Film,97.0,4,10.146243707317096,4.146697521282484,63.2,1,Fri,,,,,simulated_bootstrap,,1,0,0.0
SIM0003,Simulated Title 3,Documentary,Licensed Series,84.0,1,48.176744200114655,27.61974130074415,99.9,2,Thu,,,,,simulated_bootstrap,,0,1,0.0
SIM0004,Simulated Title 4,Drama,Original Series,90.0,1,6.385538478636299,9.425356031693806,72.7,10,Mon,,,,,simulated_bootstrap,,0,0,0.0
SIM0005,Simulated Title 5,Drama,Licensed Film,37.0,10,5.478372092140108,41.18445340829866,53.2,4,Fri,,,,,simulated_bootstrap,,1,1,0.0
SIM0006,Simulated Title 6,Drama,Original Film,25.0,1,7.517671716225717,51.57009792685964,76.8,5,Fri,,,,,simulated_bootstrap,,0,0,0.0
SIM0007,Simulated Title 7,Horror,Original Series,47.0,1,4.695813615774845,63.422832682936914,32.5,2,Fri,,,,,simulated_bootstrap,,0,0,0.0
SIM0008,Simulated Title 8,Documentary,Licensed Film,51.0,8,13.772451322976035,27.170217319000567,64.2,1,Fri,,,,,simulated_bootstrap,,1,1,0.0
SIM0009,Simulated Title 9,Sci-Fi,Original Series,77.0,1,61.84791937817791,16.115555595365098,67.7,9,Tue,,,,,simulated_bootstrap,,0,0,0.0
SIM0010,Simulated Title 10,Drama,Original Series,20.0,1,16.828590797491756,30.19616530585536,64.4,1,Sun,,,,,simulated_bootstrap,,0,0,0.0
SIM0011,Simulated Title 11,Reality,Licensed Film,88.0,1,9.46543268544526,24.747616586330075,56.0,4,Wed,,,,,simulated_bootstrap,,0,1,0.0
SIM0012,Simulated Title 12,Horror,Licensed Film,46.0,7,9.09922032321381,27.73672197869529,43.8,2,Fri,,,,,simulated_bootstrap,,1,1,0.0
SIM0013,Simulated Title 13,Comedy,Original Film,39.0,1,2.5518260254250347,47.222499596045935,47.8,11,Fri,,,,,simulated_bootstrap,,0,0,0.0
SIM0014,Simulated Title 14,Comedy,Licensed Series,25.0,10,29.46224983158376,21.903951367592533,63.8,4,Sat,,,,,simulated_bootstrap,,1,1,0.0
SIM0015,Simulated Title 15,Comedy,Original Film,20.0,21,11.270208214446598,25.130404126245264,42.0,8,Tue,,,,,simulated_bootstrap,,1,0,0.0
SIM0016,Simulated Title 16,Action,Original Series,71.0,8,10.170792033308304,13.449891422559377,93.9,8,Fri,,,,,simulated_bootstrap,,1,0,0.0
SIM0017,Simulated Title 17,Thriller,Original Series,52.0,23,250.0,25.75375190463321,14.5,11,Fri,,,,,simulated_bootstrap,,1,0,0.0
SIM0018,Simulated Title 18,Thriller,Licensed Series,20.0,1,16.42415157203146,57.58311543371693,56.2,12,Wed,,,,,simulated_bootstrap,,0,1,0.0
SIM0019,Simulated Title 19,Action,Licensed Series,20.0,1,5.744305118808282,17.478898807467765,64.0,9,Fri,,,,,simulated_bootstrap,,0,1,0.0
SIM0020,Simulated Title 20,Documentary,Licensed Series,42.0,1,7.953741157261031,44.04393990716352,71.1,11,Sun,,,,,simulated_bootstrap,,0,1,0.0
SIM0021,Simulated Title 21,Drama,Licensed Series,92.0,10,38.4149116792975,23.99687231550571,45.5,12,Sun,,,,,simulated_bootstrap,,1,1,0.0
SIM0022,Simulated Title 22,Action,Original Series,44.0,8,13.643598135288045,44.57504855829945,82.4,5,Mon,,,,,simulated_bootstrap,,1,0,0.0
SIM0023,Simulated Title 23,Action,Original Film,20.0,8,2.891345664715786,41.8145732394184,36.9,7,Wed,,,,,simulated_bootstrap,,1,0,0.0
SIM0024,Simulated Title 24,Thriller,Original Series,44.0,1,30.54585308713489,12.477872464880942,51.8,3,Thu,,,,,simulated_bootstrap,,0,0,0.0
SIM0025,Simulated Title 25,Romance,Original Film,43.0,9,6.245466961624588,41.35696874278296,73.2,10,Fri,,,,,simulated_bootstrap,,1,0,0.0
SIM0026,Simulated Title 26,Comedy,Original Film,20.0,1,79.30473019390662,8.552216071945434,80.7,4,Wed,,,,,simulated_bootstrap,,0,0,0.0
SIM0027,Simulated Title 27,Thriller,Licensed Film,49.0,1,35.87526517588076,10.238495285184404,36.7,10,Wed,,,,,simulated_bootstrap,,0,1,0.0
SIM0028,Simulated Title 28,Documentary,Original Film,44.0,10,7.788732237502915,22.850508874050057,100.0,9,Sun,,,,,simulated_bootstrap,,1,0,0.0
SIM0029,Simulated Title 29,Drama,Original Series,67.0,1,43.86059732223935,54.66614162505907,45.8,10,Sun,,,,,simulated_bootstrap,,0,0,0.0
SIM0030,Simulated Title 30,Documentary,Original Series,96.0,4,13.037834940291503,35.10850322437097,38.4,10,Mon,,,,,simulated_bootstrap,,1,0,0.0
SIM0031,Simulated Title 31,Comedy,Licensed Series,78.0,1,28.58190070809417,13.941057604626684,71.0,12,Thu,,,,,simulated_bootstrap,,0,1,0.0
SIM0032,Simulated Title 32,Drama,Licensed Series,43.0,1,19.781216331352592,5.369951548994858,55.7,1,Fri,,,,,simulated_bootstrap,,0,1,0.0
SIM0033,Simulated Title 33,Animation,Original Series,22.0,16,5.225985251782158,38.06987361056626,53.1,2,Wed,,,,,simulated_bootstrap,,1,0,0.0
SIM0034,Simulated Title 34,Reality,Original Series,114.0,21,6.400974008937389,27.94224044294484,72.7,5,Fri,,,,,simulated_bootstrap,,1,0,0.0
SIM0035,Simulated Title 35,Horror,Licensed Series,51.0,1,34.12263058135711,30.66911814390244,34.5,3,Fri,,,,,simulated_bootstrap,,0,1,0.0
SIM0036,Simulated Title 36,Action,Original Series,50.0,1,8.716560028060357,34.30330836467325,31.4,2,Sat,,,,,simulated_bootstrap,,0,0,0.0
SIM0037,Simulated Title 37,Drama,Licensed Series,49.0,7,8.136430226878224,47.611454437072105,51.2,1,Sat,,,,,simulated_bootstrap,,1,1,0.0
SIM0038,Simulated Title 38,Sci-Fi,Licensed Series,55.0,1,4.687397013728769,25.54704259647891,81.4,10,Fri,,,,,simulated_bootstrap,,0,1,0.0
SIM0039,Simulated Title 39,Thriller,Original Series,46.0,1,18.60813899887672,50.120060178320834,52.0,3,Fri,,,,,simulated_bootstrap,,0,0,0.0
SIM0040,Simulated Title 40,Drama,Original Series,36.0,1,95.82512533693264,15.400666296079905,90.8,1,Thu,,,,,simulated_bootstrap,,0,0,0.0
SIM0041,Simulated Title 41,Thriller,Licensed Film,36.0,14,4.189021128451177,6.323234040516468,83.6,12,Fri,,,,,simulated_bootstrap,,1,1,0.0
SIM0042,Simulated Title 42,Drama,Original Film,49.0,1,12.481149382693486,44.834545888275386,67.1,1,Fri,,,,,simulated_bootstrap,,0,0,0.0
SIM0043,Simulated Title 43,Animation,Original Film,36.0,1,50.009878475078345,10.997586339778064,68.1,12,Tue,,,,,simulated_bootstrap,,0,0,0.0
SIM0044,Simulated Title 44,Comedy,Licensed Series,32.0,5,11.249892901678162,29.980310270744265,67.1,1,Wed,,,,,simulated_bootstrap,,1,1,0.0
SIM0045,Simulated Title 45,Sci-Fi,Licensed Film,53.0,23,19.151322939626183,53.63077304756033,64.9,8,Thu,,,,,simulated_bootstrap,,1,1,0.0
SIM0046,Simulated Title 46,Action,Licensed Film,44.0,1,4.210605543253506,6.705426999363957,55.4,3,Sun,,,,,simulated_bootstrap,,0,1,0.0
SIM0047,Simulated Title 47,Thriller,Licensed Series,88.0,21,18.69595325951796,33.73425781481131,57.5,11,Wed,,,,,simulated_bootstrap,,1,1,0.0
SIM0048,Simulated Title 48,Thriller,Original Film,20.0,1,10.103235660778642,6.163751556213369,42.7,1,Thu,,,,,simulated_bootstrap,,0,0,0.0
SIM0049,Simulated Title 49,Comedy,Original Series,77.0,6,32.64625003497456,26.69105924136806,22.2,7,Fri,,,,,simulated_bootstrap,,1,0,0.0
SIM0050,Simulated Title 50,Reality,Licensed Series,81.0,12,39.94030848085994,1.4681933127792124,81.9,10,Fri,,,,,simulated_bootstrap,,1,1,0.0
SIM0051,Simulated Title 51,Romance,Original Film,20.0,1,162.31901739902534,9.291290127017373,64.8,3,Tue,,,,,simulated_bootstrap,,0,0,0.0
SIM0052,Simulated Title 52,Animation,Original Film,41.0,9,21.750422295115257,16.208459011388985,62.1,8,Sun,,,,,simulated_bootstrap,,1,0,0.0
SIM0053,Simulated Title 53,Animation,Licensed Film,41.0,13,16.8743769835238,5.558771864927384,69.2,4,Sat,,,,,simulated_bootstrap,,1,1,0.0
SIM0054,Simulated Title 54,Documentary,Original Series,20.0,13,14.79640582444044,36.287314213680425,47.1,4,Fri,,,,,simulated_bootstrap,,1,0,0.0
SIM0055,Simulated Title 55,Animation,Original Film,31.0,1,8.557719209734628,32.618555306964204,44.0,5,Fri,,,,,simulated_bootstrap,,0,0,0.0
SIM0056,Simulated Title 56,Drama,Original Series,22.0,20,17.08983501964767,55.16768599767246,56.9,6,Mon,,,,,simulated_bootstrap,,1,0,0.0
SIM0057,Simulated Title 57,Comedy,Original Film,94.0,12,9.066611407561028,10.991865606237472,86.6,7,Thu,,,,,simulated_bootstrap,,1,0,0.0
SIM0058,Simulated Title 58,Drama,Original Series,73.0,1,14.417762829991936,21.718481039517947,41.0,4,Sat,,,,,simulated_bootstrap,,0,0,0.0
SIM0059,Simulated Title 59,Action,Original Series,82.0,12,45.49477733888429,7.822097883115157,14.7,8,Mon,,,,,simulated_bootstrap,,1,0,0.0
SIM0060,Simulated Title 60,Action,Original Series,68.0,1,4.452463037896889,17.67688055025618,52.6,6,Thu,,,,,simulated_bootstrap,,0,0,0.0
SIM0061,Simulated Title 61,Comedy,Licensed Series,22.0,4,38.08721117662089,59.54379734962468,82.6,1,Fri,,,,,simulated_bootstrap,,1,1,0.0
SIM0062,Simulated Title 62,Horror,Licensed Series,37.0,1,45.47283284664052,39.717268660938096,30.8,1,Wed,,,,,simulated_bootstrap,,0,1,0.0
SIM0063,Simulated Title 63,Action,Original Film,62.0,19,10.825792409479464,10.55672064555032,40.8,9,Sun,,,,,simulated_bootstrap,,1,0,0.0
SIM0064,Simulated Title 64,Comedy,Licensed Film,20.0,1,1.4595747132493022,3.118591055550576,66.7,10,Tue,,,,,simulated_bootstrap,,0,1,0.0
SIM0065,Simulated Title 65,Thriller,Original Film,68.0,13,6.633801463144493,2.7957961979081927,100.0,6,Sat,,,,,simulated_bootstrap,,1,0,0.0
SIM0066,Simulated Title 66,Drama,Original Series,44.0,21,44.56703884986096,36.797659433535934,37.6,10,Fri,,,,,simulated_bootstrap,,1,0,0.0
SIM0067,Simulated Title 67,Horror,Licensed Film,41.0,11,11.907065193766853,15.912957130042498,36.9,8,Sat,,,,,simulated_bootstrap,,1,1,0.0
SIM0068,Simulated Title 68,Drama,Original Series,68.0,14,4.484817339511275,73.8086963835553,68.1,7,Thu,,,,,simulated_bootstrap,,1,0,0.0
SIM0069,Simulated Title 69,Reality,Licensed Film,61.0,5,7.353858038965152,24.369917696780018,83.7,12,Fri,,,,,simulated_bootstrap,,1,1,0.0
SIM0070,Simulated Title 70,Romance,Original Series,41.0,11,28.236628737202413,17.097774059130703,50.8,6,Sat,,,,,simulated_bootstrap,,1,0,0.0
SIM0071,Simulated Title 71,Comedy,Licensed Film,79.0,1,21.04648511342343,8.072398199878913,32.8,4,Fri,,,,,simulated_bootstrap,,0,1,0.0
SIM0072,Simulated Title 72,Drama,Original Series,23.0,20,9.59332842192392,44.777919975228045,69.8,7,Thu,,,,,simulated_bootstrap,,1,0,0.0
SIM0073,Simulated Title 73,Horror,Licensed Film,65.0,18,8.441631437290328,19.735165471552502,73.1,9,Fri,,,,,simulated_bootstrap,,1,1,0.0
SIM0074,Simulated Title 74,Sci-Fi,Original Film,65.0,1,8.233752387651268,26.14729695537015,94.0,11,Sat,,,,,simulated_bootstrap,,0,0,0.0
SIM0075,Simulated Title 75,Romance,Licensed Film,42.0,1,4.843268561871493,27.91904822094437,73.8,10,Fri,,,,,simulated_bootstrap,,0,1,0.0
SIM0076,Simulated Title 76,Romance,Original Series,58.0,22,61.27523039781955,24.92464228769709,76.9,10,Sun,,,,,simulated_bootstrap,,1,0,0.0
SIM0077,Simulated Title 77,Drama,Original Film,20.0,8,8.825802475812264,38.88004532026781,57.3,7,Thu,,,,,simulated_bootstrap,,1,0,0.0
SIM0078,Simulated Title 78,Action,Licensed Film,73.0,15,41.14730861887208,8.983097773481848,100.0,1,Fri,,,,,simulated_bootstrap,,1,1,0.0
SIM0079,Simulated Title 79,Drama,Original Film,45.0,1,55.774459632322646,23.93537041475697,54.8,10,Sat,,,,,simulated_bootstrap,,0,0,0.0
SIM0080,Simulated Title 80,Horror,Licensed Series,37.0,1,33.05956380114068,20.045204994057464,51.0,9,Fri,,,,,simulated_bootstrap,,0,1,0.0
SIM0081,Simulated Title 81,Sci-Fi,Licensed Series,76.0,11,7.9119928235149635,40.099694375353145,94.6,4,Sat,,,,,simulated_bootstrap,,1,1,0.0
SIM0082,Simulated Title 82,Action,Original Film,32.0,1,18.242063164468963,46.74355152035755,35.5,3,Sun,,,,,simulated_bootstrap,,0,0,0.0
SIM0083,Simulated Title 83,Drama,Licensed Series,20.0,1,11.891268527420907,12.791579245418196,28.7,4,Fri,,,,,simulated_bootstrap,,0,1,0.0
SIM0084,Simulated Title 84,Action,Original Film,20.0,1,4.934730883945149,40.373494198452505,64.2,4,Tue,,,,,simulated_bootstrap,,0,0,0.0
SIM0085,Simulated Title 85,Action,Licensed Film,65.0,1,16.850145330583192,8.948655761560051,62.0,10,Mon,,,,,simulated_bootstrap,,0,1,0.0
SIM0086,Simulated Title 86,Romance,Original Series,20.0,16,3.7470175698315336,24.78156639906328,57.9,11,Sat,,,,,simulated_bootstrap,,1,0,0.0
SIM0087,Simulated Title 87,Sci-Fi,Original Series,94.0,22,39.95202616553805,26.449203451846,79.9,2,Sat,,,,,simulated_bootstrap,,1,0,0.0
SIM0088,Simulated Title 88,Animation,Licensed Film,20.0,6,7.655181223491549,45.49932251283338,45.7,12,Wed,,,,,simulated_bootstrap,,1,1,0.0
SIM0089,Simulated Title 89,Thriller,Licensed Film,92.0,20,14.896997102167068,38.95079338725104,63.2,1,Tue,,,,,simulated_bootstrap,,1,1,0.0
SIM0090,Simulated Title 90,Drama,Original Film,55.0,8,16.172105438025625,9.718177285658085,55.5,12,Mon,,,,,simulated_bootstrap,,1,0,0.0
SIM0091,Simulated Title 91,Romance,Licensed Series,48.0,1,9.403622865955024,38.28986050331805,46.0,10,Sat,,,,,simulated_bootstrap,,0,1,0.0
SIM0092,Simulated Title 92,Romance,Original Series,36.0,11,21.90453737587248,29.7838427885603,60.9,12,Thu,,,,,simulated_bootstrap,,1,0,0.0
SIM0093,Simulated Title 93,Documentary,Original Series,60.0,17,7.576840887915416,59.03979088514873,77.3,1,Fri,,,,,simulated_bootstrap,,1,0,0.0
SIM0094,Simulated Title 94,Romance,Original Film,49.0,7,29.11627503689411,17.60983318750709,100.0,8,Fri,,,,,simulated_bootstrap,,1,0,0.0
SIM0095,Simulated Title 95,Thriller,Original Film,78.0,1,3.170915412157047,21.44134952920709,72.4,2,Sat,,,,,simulated_bootstrap,,0,0,0.0
SIM0096,Simulated Title 96,Thriller,Original Film,53.0,23,13.823631837011233,62.04682337798468,16.8,12,Fri,,,,,simulated_bootstrap,,1,0,0.0
SIM0097,Simulated Title 97,Action,Original Series,54.0,18,84.68419623436111,48.72331449600043,61.3,10,Fri,,,,,simulated_bootstrap,,1,0,0.0
SIM0098,Simulated Title 98,Drama,Licensed Film,41.0,22,4.480204422438298,9.620692451496076,62.9,5,Wed,,,,,simulated_bootstrap,,1,1,0.0
SIM0099,Simulated Title 99,Drama,Licensed Film,49.0,10,6.185791876844255,24.965580347196685,78.9,12,Fri,,,,,simulated_bootstrap,,1,1,0.0
SIM0100,Simulated Title 100,Drama,Licensed Series,58.0,1,20.36683514347447,34.1237799092246,65.3,4,Sat,,,,,simulated_bootstrap,,0,1,0.0
SIM0101,Simulated Title 101,Sci-Fi,Original Film,20.0,1,14.5789948217867,40.09150563139554,84.6,8,Sun,,,,,simulated_bootstrap,,0,0,0.0
SIM0102,Simulated Title 102,Action,Original Series,20.0,14,17.298678291909358,11.793590761943248,69.1,2,Wed,,,,,simulated_bootstrap,,1,0,0.0
SIM0103,Simulated Title 103,Thriller,Licensed Series,69.0,1,19.869524587800328,55.72754113921149,90.1,10,Mon,,,,,simulated_bootstrap,,0,1,0.0
SIM0104,Simulated Title 104,Animation,Licensed Series,54.0,1,22.98223367587444,6.294278801876782,54.1,9,Mon,,,,,simulated_bootstrap,,0,1,0.0
SIM0105,Simulated Title 105,Comedy,Original Series,45.0,1,36.95495882178237,12.295220654768162,64.6,7,Fri,,,,,simulated_bootstrap,,0,0,0.0
SIM0106,Simulated Title 106,Action,Licensed Film,50.0,13,18.35346999059936,53.02969759506505,76.9,7,Sat,,,,,simulated_bootstrap,,1,1,0.0
SIM0107,Simulated Title 107,Romance,Licensed Series,59.0,9,9.571044526000511,27.09993961105075,51.7,1,Mon,,,,,simulated_bootstrap,,1,1,0.0
SIM0108,Simulated Title 108,Comedy,Licensed Film,37.0,18,23.86883662488825,27.708902751884185,47.8,12,Fri,,,,,simulated_bootstrap,,1,1,0.0
SIM0109,Simulated Title 109,Drama,Licensed Series,31.0,1,81.44125272728895,30.1184192228817,50.7,2,Thu,,,,,simulated_bootstrap,,0,1,0.0
SIM0110,Simulated Title 110,Comedy,Licensed Series,55.0,20,10.669255135201604,14.014940155761469,48.5,4,Mon,,,,,simulated_bootstrap,,1,1,0.0
SIM0111,Simulated Title 111,Comedy,Original Film,26.0,11,4.597306991038802,7.373378490111674,71.4,4,Fri,,,,,simulated_bootstrap,,1,0,0.0
SIM0112,Simulated Title 112,Animation,Licensed Film,60.0,11,36.858294049768105,32.915651051709325,29.0,11,Wed,,,,,simulated_bootstrap,,1,1,0.0
SIM0113,Simulated Title 113,Horror,Licensed Film,20.0,1,10.800785209238022,35.9768584824016,34.0,3,Thu,,,,,simulated_bootstrap,,0,1,0.0
SIM0114,Simulated Title 114,Sci-Fi,Original Series,76.0,5,1.3872598269837657,30.977747327024048,95.5,7,Sat,,,,,simulated_bootstrap,,1,0,0.0
SIM0115,Simulated Title 115,Horror,Original Series,62.0,1,28.429339052473058,18.035041428788407,48.9,12,Fri,,,,,simulated_bootstrap,,0,0,0.0
SIM0116,Simulated Title 116,Horror,Original Film,56.0,1,7.132571396258374,11.049325801614986,65.6,8,Tue,,,,,simulated_bootstrap,,0,0,0.0
SIM0117,Simulated Title 117,Comedy,Licensed Series,75.0,6,11.12802518352373,22.685261894516533,35.2,2,Sun,,,,,simulated_bootstrap,,1,1,0.0
SIM0118,Simulated Title 118,Animation,Licensed Film,92.0,1,16.979051688147113,63.89059701703223,63.7,4,Fri,,,,,simulated_bootstrap,,0,1,0.0
SIM0119,Simulated Title 119,Thriller,Original Series,75.0,7,14.739038880419685,24.313915351568323,49.1,3,Sat,,,,,simulated_bootstrap,,1,0,0.0
SIM0120,Simulated Title 120,Horror,Original Film,20.0,1,24.76550647664172,21.596804604807858,33.9,2,Mon,,,,,simulated_bootstrap,,0,0,0.0
SIM0121,Simulated Title 121,Animation,Original Film,20.0,17,7.881463653330417,24.85571743584797,86.1,12,Mon,,,,,simulated_bootstrap,,1,0,0.0
SIM0122,Simulated Title 122,Action,Licensed Film,34.0,1,20.350506442251906,23.74704597128737,83.3,6,Mon,,,,,simulated_bootstrap,,0,1,0.0
SIM0123,Simulated Title 123,Drama,Licensed Series,51.0,1,9.39759046039342,53.19284493276698,60.1,4,Wed,,,,,simulated_bootstrap,,0,1,0.0
SIM0124,Simulated Title 124,Comedy,Licensed Series,63.0,1,25.503366954702106,39.04389243462244,80.0,6,Fri,,,,,simulated_bootstrap,,0,1,0.0
SIM0125,Simulated Title 125,Action,Original Film,32.0,1,22.54171255060312,16.973758904288573,96.3,2,Sun,,,,,simulated_bootstrap,,0,0,0.0
SIM0126,Simulated Title 126,Horror,Original Film,55.0,7,4.780577226790537,20.4026175015018,75.6,12,Fri,,,,,simulated_bootstrap,,1,0,0.0
SIM0127,Simulated Title 127,Horror,Original Series,31.0,1,36.0887836980052,25.49263267105989,70.6,4,Thu,,,,,simulated_bootstrap,,0,0,0.0
SIM0128,Simulated Title 128,Drama,Original Series,35.0,1,7.128041803828523,28.906082696293733,65.6,11,Fri,,,,,simulated_bootstrap,,0,0,0.0
SIM0129,Simulated Title 129,Thriller,Licensed Film,20.0,1,27.3319896510849,14.078969013769074,73.7,6,Tue,,,,,simulated_bootstrap,,0,1,0.0
SIM0130,Simulated Title 130,Action,Licensed Series,27.0,16,17.58923933077428,18.84686348827569,55.4,5,Fri,,,,,simulated_bootstrap,,1,1,0.0
SIM0131,Simulated Title 131,Comedy,Licensed Film,20.0,1,76.56834010827069,56.51992012277928,57.0,3,Fri,,,,,simulated_bootstrap,,0,1,0.0
SIM0132,Simulated Title 132,Drama,Licensed Film,26.0,1,9.742853263583893,54.41384134079767,70.1,8,Sat,,,,,simulated_bootstrap,,0,1,0.0
SIM0133,Simulated Title 133,Action,Original Film,76.0,1,8.590725609782565,20.74958132489381,53.5,7,Sun,,,,,simulated_bootstrap,,0,0,0.0
SIM0134,Simulated Title 134,Animation,Licensed Series,26.0,13,11.948197069050613,19.37947313120766,55.4,3,Wed,,,,,simulated_bootstrap,,1,1,0.0
SIM0135,Simulated Title 135,Action,Licensed Film,116.0,1,8.996361494148548,39.1736597857107,62.0,6,Fri,,,,,simulated_bootstrap,,0,1,0.0
SIM0136,Simulated Title 136,Thriller,Licensed Series,62.0,20,27.1110637747476,5.49042835324885,82.7,4,Sun,,,,,simulated_bootstrap,,1,1,0.0
SIM0137,Simulated Title 137,Sci-Fi,Original Series,55.0,1,2.4198108877649824,51.3200034727355,41.6,11,Sat,,,,,simulated_bootstrap,,0,0,0.0
SIM0138,Simulated Title 138,Action,Original Film,29.0,21,4.2474448095740485,16.80138488305095,75.7,5,Fri,,,,,simulated_bootstrap,,1,0,0.0
SIM0139,Simulated Title 139,Reality,Original Series,68.0,1,4.187890214746613,34.9845138296325,76.3,11,Sun,,,,,simulated_bootstrap,,0,0,0.0
SIM0140,Simulated Title 140,Reality,Licensed Film,36.0,1,31.510083066909893,6.470899156806993,76.1,5,Mon,,,,,simulated_bootstrap,,0,1,0.0
SIM0141,Simulated Title 141,Comedy,Licensed Series,53.0,17,67.39786713807867,39.92098512519557,47.5,7,Sun,,,,,simulated_bootstrap,,1,1,0.0
SIM0142,Simulated Title 142,Thriller,Original Series,114.0,1,10.974240803211666,36.02074853627584,31.5,11,Mon,,,,,simulated_bootstrap,,0,0,0.0
SIM0143,Simulated Title 143,Action,Licensed Series,48.0,23,10.290058930628629,33.681581644063755,72.1,5,Fri,,,,,simulated_bootstrap,,1,1,0.0
SIM0144,Simulated Title 144,Comedy,Licensed Series,79.0,1,13.066506012789976,12.566751557557144,65.4,11,Sat,,,,,simulated_bootstrap,,0,1,0.0
SIM0145,Simulated Title 145,Drama,Original Film,32.0,1,38.9344048277568,18.6745643052941,80.1,3,Thu,,,,,simulated_bootstrap,,0,0,0.0
SIM0146,Simulated Title 146,Documentary,Original Series,49.0,1,4.819387598847499,30.90542956810058,49.4,10,Fri,,,,,simulated_bootstrap,,0,0,0.0
SIM0147,Simulated Title 147,Thriller,Licensed Series,94.0,1,15.46174614443992,16.11047165510067,75.7,5,Thu,,,,,simulated_bootstrap,,0,1,0.0
SIM0148,Simulated Title 148,Drama,Original Film,34.0,1,32.30421218021559,15.601939383489905,81.0,7,Sun,,,,,simulated_bootstrap,,0,0,0.0
SIM0149,Simulated Title 149,Comedy,Licensed Series,95.0,6,20.10752594158236,48.91720840330514,60.3,5,Sat,,,,,simulated_bootstrap,,1,1,0.0
SIM0150,Simulated Title 150,Animation,Original Film,68.0,10,14.725513720935648,4.05952160464261,69.5,5,Sat,,,,,simulated_bootstrap,,1,0,0.0
SIM0151,Simulated Title 151,Comedy,Licensed Film,36.0,1,33.150111912443094,50.13100171730704,68.9,9,Fri,,,,,simulated_bootstrap,,0,1,0.0
SIM0152,Simulated Title 152,Drama,Original Film,66.0,1,0.8160886477261942,12.5480123667906,47.2,3,Sat,,,,,simulated_bootstrap,,0,0,0.0
SIM0153,Simulated Title 153,Thriller,Original Film,74.0,1,23.99571612276168,37.83262469877855,71.6,6,Fri,,,,,simulated_bootstrap,,0,0,0.0
SIM0154,Simulated Title 154,Reality,Licensed Film,66.0,1,6.333951663885749,32.22129037148612,91.2,1,Fri,,,,,simulated_bootstrap,,0,1,0.0
SIM0155,Simulated Title 155,Comedy,Original Film,20.0,21,1.953000881289498,12.136225357209524,62.4,10,Sat,,,,,simulated_bootstrap,,1,0,0.0
SIM0156,Simulated Title 156,Sci-Fi,Original Series,32.0,1,20.311812218918327,16.47667199410821,35.7,5,Thu,,,,,simulated_bootstrap,,0,0,0.0
SIM0157,Simulated Title 157,Romance,Original Series,44.0,11,48.11810671044467,42.10690230658029,49.6,8,Mon,,,,,simulated_bootstrap,,1,0,0.0
SIM0158,Simulated Title 158,Comedy,Licensed Series,48.0,17,10.618008613440068,22.30656431040991,30.0,5,Mon,,,,,simulated_bootstrap,,1,1,0.0
SIM0159,Simulated Title 159,Romance,Licensed Series,66.0,11,31.59107194235345,74.75416808203147,85.2,9,Tue,,,,,simulated_bootstrap,,1,1,0.0
SIM0160,Simulated Title 160,Action,Licensed Series,54.0,17,61.08572820672675,17.653263115212866,75.8,11,Sat,,,,,simulated_bootstrap,,1,1,0.0
SIM0161,Simulated Title 161,Sci-Fi,Original Series,20.0,10,45.37287473010426,16.939987569774235,53.0,6,Fri,,,,,simulated_bootstrap,,1,0,0.0
SIM0162,Simulated Title 162,Sci-Fi,Original Series,60.0,15,62.800593833154274,10.123676310915997,36.5,8,Sat,,,,,simulated_bootstrap,,1,0,0.0
SIM0163,Simulated Title 163,Thriller,Original Series,65.0,1,25.588102339001274,15.521976788527784,47.0,10,Fri,,,,,simulated_bootstrap,,0,0,0.0
SIM0164,Simulated Title 164,Drama,Original Film,64.0,14,13.137012643241716,25.16719879928031,50.5,8,Wed,,,,,simulated_bootstrap,,1,0,0.0
SIM0165,Simulated Title 165,Horror,Original Film,77.0,16,2.4547727434514224,69.88438963940432,64.0,3,Thu,,,,,simulated_bootstrap,,1,0,0.0
SIM0166,Simulated Title 166,Action,Original Film,71.0,21,9.525167554389364,16.287619472878653,63.4,7,Sat,,,,,simulated_bootstrap,,1,0,0.0
SIM0167,Simulated Title 167,Comedy,Original Film,61.0,5,5.242263678091776,3.586107451957101,86.1,7,Fri,,,,,simulated_bootstrap,,1,0,0.0
SIM0168,Simulated Title 168,Drama,Licensed Film,48.0,18,106.7983756881318,18.689261626561333,49.5,10,Sun,,,,,simulated_bootstrap,,1,1,0.0
SIM0169,Simulated Title 169,Documentary,Original Series,20.0,23,10.217625176497178,28.02197590789024,34.9,12,Fri,,,,,simulated_bootstrap,,1,0,0.0
SIM0170,Simulated Title 170,Sci-Fi,Original Film,61.0,1,13.779814538969896,50.39853388745347,41.2,6,Fri,,,,,simulated_bootstrap,,0,0,0.0
SIM0171,Simulated Title 171,Drama,Licensed Series,55.0,1,21.146731954605155,29.05356993774629,61.6,12,Fri,,,,,simulated_bootstrap,,0,1,0.0
SIM0172,Simulated Title 172,Thriller,Original Film,57.0,1,12.725431180388911,21.37032540043946,48.9,7,Sun,,,,,simulated_bootstrap,,0,0,0.0
SIM0173,Simulated Title 173,Comedy,Licensed Series,20.0,15,66.35711838676802,17.420404077010232,56.7,2,Sat,,,,,simulated_bootstrap,,1,1,0.0
SIM0174,Simulated Title 174,Sci-Fi,Licensed Film,23.0,16,6.536165236795126,39.91960073625364,53.8,9,Mon,,,,,simulated_bootstrap,,1,1,0.0
SIM0175,Simulated Title 175,Comedy,Licensed Film,76.0,1,14.799708064993458,26.593194966384743,79.8,10,Fri,,,,,simulated_bootstrap,,0,1,0.0
SIM0176,Simulated Title 176,Sci-Fi,Original Series,49.0,8,5.798094994065005,40.20401338219225,51.4,10,Fri,,,,,simulated_bootstrap,,1,0,0.0
SIM0177,Simulated Title 177,Action,Licensed Film,67.0,4,3.254300943778309,10.54043592980552,55.2,1,Sat,,,,,simulated_bootstrap,,1,1,0.0
SIM0178,Simulated Title 178,Animation,Original Film,51.0,6,6.607668768266774,18.96220786800949,74.9,1,Wed,,,,,simulated_bootstrap,,1,0,0.0
SIM0179,Simulated Title 179,Drama,Original Series,51.0,22,11.739546710347364,35.48328182831716,51.8,3,Sat,,,,,simulated_bootstrap,,1,0,0.0
SIM0180,Simulated Title 180,Action,Original Film,73.0,10,7.930354794836022,7.851743073924757,69.6,3,Sun,,,,,simulated_bootstrap,,1,0,0.0
SIM0181,Simulated Title 181,Drama,Licensed Film,37.0,15,6.095672054639529,12.3504889954708,68.0,1,Wed,,,,,simulated_bootstrap,,1,1,0.0
SIM0182,Simulated Title 182,Animation,Original Film,52.0,1,2.9852471368385727,24.13778454503064,64.6,12,Sat,,,,,simulated_bootstrap,,0,0,0.0
SIM0183,Simulated Title 183,Horror,Original Series,38.0,8,11.21098865671424,46.885431030478045,41.6,7,Tue,,,,,simulated_bootstrap,,1,0,0.0
SIM0184,Simulated Title 184,Comedy,Licensed Series,39.0,1,2.705480758196232,54.91671814360512,84.1,4,Mon,,,,,simulated_bootstrap,,0,1,0.0
SIM0185,Simulated Title 185,Sci-Fi,Original Series,42.0,1,26.05099501152276,13.208665662881735,100.0,10,Tue,,,,,simulated_bootstrap,,0,0,0.0
SIM0186,Simulated Title 186,Horror,Original Series,56.0,1,13.229375225457726,29.89363140201345,62.2,2,Mon,,,,,simulated_bootstrap,,0,0,0.0
SIM0187,Simulated Title 187,Documentary,Original Series,38.0,1,2.8361528414480928,51.46805029932751,43.2,10,Sat,,,,,simulated_bootstrap,,0,0,0.0
SIM0188,Simulated Title 188,Thriller,Original Series,81.0,1,8.942282975304478,40.08971368260079,62.5,5,Mon,,,,,simulated_bootstrap,,0,0,0.0
SIM0189,Simulated Title 189,Comedy,Original Series,28.0,4,5.742206788707436,28.42255949831302,79.8,6,Thu,,,,,simulated_bootstrap,,1,0,0.0
SIM0190,Simulated Title 190,Drama,Original Series,45.0,15,16.763007271288753,31.75441101133821,50.9,9,Tue,,,,,simulated_bootstrap,,1,0,0.0
SIM0191,Simulated Title 191,Animation,Licensed Series,39.0,8,46.54643637548136,13.848346987034896,59.7,4,Thu,,,,,simulated_bootstrap,,1,1,0.0
SIM0192,Simulated Title 192,Animation,Original Series,86.0,1,1.8679237694983983,20.09712364540104,68.1,2,Tue,,,,,simulated_bootstrap,,0,0,0.0
SIM0193,Simulated Title 193,Sci-Fi,Original Series,55.0,1,13.667572811892216,24.188964316220723,83.7,5,Fri,,,,,simulated_bootstrap,,0,0,0.0
SIM0194,Simulated Title 194,Action,Licensed Film,76.0,7,10.379858072070816,22.956119418903832,76.0,3,Tue,,,,,simulated_bootstrap,,1,1,0.0
SIM0195,Simulated Title 195,Action,Original Film,20.0,1,23.83940959191005,21.568607571636463,76.7,2,Sat,,,,,simulated_bootstrap,,0,0,0.0
SIM0196,Simulated Title 196,Romance,Licensed Series,57.0,6,15.07739539108,12.310958018220289,54.3,12,Sat,,,,,simulated_bootstrap,,1,1,0.0
SIM0197,Simulated Title 197,Animation,Original Series,72.0,1,5.743281105934224,51.606248585607375,69.2,1,Mon,,,,,simulated_bootstrap,,0,0,0.0
SIM0198,Simulated Title 198,Animation,Original Series,52.0,5,8.854679393692084,26.23139249573352,49.0,10,Sat,,,,,simulated_bootstrap,,1,0,0.0
SIM0199,Simulated Title 199,Romance,Original Series,77.0,14,5.495744927086672,23.09942687514944,77.2,2,Mon,,,,,simulated_bootstrap,,1,0,0.0
SIM0200,Simulated Title 200,Sci-Fi,Original Series,37.0,13,35.73058835515006,9.595128593448145,82.7,6,Wed,,,,,simulated_bootstrap,,1,0,0.0
SIM0201,Simulated Title 201,Drama,Original Series,85.0,17,12.444909311778384,34.035335737121706,72.0,8,Mon,,,,,simulated_bootstrap,,1,0,0.0
SIM0202,Simulated Title 202,Comedy,Original Series,107.0,10,81.54790881455466,15.694670027434334,55.4,3,Thu,,,,,simulated_bootstrap,,1,0,0.0
SIM0203,Simulated Title 203,Animation,Original Series,41.0,5,11.465461703419043,16.200257717108478,58.3,11,Fri,,,,,simulated_bootstrap,,1,0,0.0
SIM0204,Simulated Title 204,Documentary,Original Series,39.0,1,5.9990026660676605,19.459935313145536,94.5,9,Sat,,,,,simulated_bootstrap,,0,0,0.0
SIM0205,Simulated Title 205,Drama,Original Film,86.0,19,2.681256713035214,38.89033363849212,55.7,12,Thu,,,,,simulated_bootstrap,,1,0,0.0
SIM0206,Simulated Title 206,Drama,Original Series,89.0,16,2.007440090881281,32.40072686151163,80.9,9,Sat,,,,,simulated_bootstrap,,1,0,0.0
SIM0207,Simulated Title 207,Sci-Fi,Original Film,37.0,1,2.498933540332842,5.6960686861772745,68.1,2,Wed,,,,,simulated_bootstrap,,0,0,0.0
SIM0208,Simulated Title 208,Drama,Original Film,39.0,1,15.912845100165743,50.684432743868825,56.0,8,Sat,,,,,simulated_bootstrap,,0,0,0.0
SIM0209,Simulated Title 209,Comedy,Licensed Series,43.0,7,20.26155044385701,30.439250526781684,37.8,10,Wed,,,,,simulated_bootstrap,,1,1,0.0
SIM0210,Simulated Title 210,Thriller,Original Series,20.0,13,2.5063043508639766,29.72452247392276,65.8,11,Tue,,,,,simulated_bootstrap,,1,0,0.0
SIM0211,Simulated Title 211,Sci-Fi,Licensed Series,27.0,15,29.815795817724428,13.67056096153261,63.6,12,Wed,,,,,simulated_bootstrap,,1,1,0.0
SIM0212,Simulated Title 212,Sci-Fi,Licensed Series,25.0,20,7.515285012618378,44.914011712217096,94.5,5,Wed,,,,,simulated_bootstrap,,1,1,0.0
SIM0213,Simulated Title 213,Comedy,Original Series,31.0,1,14.108719520869965,25.181479605739423,46.5,4,Fri,,,,,simulated_bootstrap,,0,0,0.0
SIM0214,Simulated Title 214,Romance,Licensed Film,49.0,17,61.08220795394317,16.951392607312645,100.0,10,Sat,,,,,simulated_bootstrap,,1,1,0.0
SIM0215,Simulated Title 215,Comedy,Licensed Film,56.0,5,29.86954250375613,8.014649270573642,68.8,5,Mon,,,,,simulated_bootstrap,,1,1,0.0
SIM0216,Simulated Title 216,Action,Original Series,89.0,1,9.313540901286656,23.25370523553835,68.8,4,Sat,,,,,simulated_bootstrap,,0,0,0.0
SIM0217,Simulated Title 217,Romance,Original Series,25.0,14,4.996850303228857,48.41625365767797,51.3,8,Fri,,,,,simulated_bootstrap,,1,0,0.0
SIM0218,Simulated Title 218,Sci-Fi,Licensed Series,75.0,1,1.416493708462445,16.93257626556566,67.7,4,Sat,,,,,simulated_bootstrap,,0,1,0.0
SIM0219,Simulated Title 219,Horror,Licensed Series,45.0,22,5.93487923997903,7.477892700140167,70.5,10,Wed,,,,,simulated_bootstrap,,1,1,0.0
SIM0220,Simulated Title 220,Sci-Fi,Original Series,49.0,1,9.863782948128518,18.52423234921943,78.9,12,Fri,,,,,simulated_bootstrap,,0,0,0.0
SIM0221,Simulated Title 221,Documentary,Original Series,67.0,22,4.539516337776792,16.796351370450527,44.4,6,Sun,,,,,simulated_bootstrap,,1,0,0.0
SIM0222,Simulated Title 222,Drama,Original Film,22.0,1,10.683954461256288,27.633549496605447,87.3,2,Fri,,,,,simulated_bootstrap,,0,0,0.0
SIM0223,Simulated Title 223,Action,Original Film,60.0,1,13.155657351600258,13.097855154707988,68.5,5,Fri,,,,,simulated_bootstrap,,0,0,0.0
SIM0224,Simulated Title 224,Comedy,Licensed Series,54.0,18,9.729320110756625,15.42500262093677,72.9,6,Tue,,,,,simulated_bootstrap,,1,1,0.0
SIM0225,Simulated Title 225,Comedy,Original Film,62.0,1,6.3598031090515885,8.993538353011882,58.0,5,Thu,,,,,simulated_bootstrap,,0,0,0.0
SIM0226,Simulated Title 226,Reality,Original Film,57.0,1,14.420555759094553,34.65590425511273,45.3,12,Fri,,,,,simulated_bootstrap,,0,0,0.0
SIM0227,Simulated Title 227,Action,Licensed Series,111.0,1,18.952590983989545,16.499025374641892,63.3,2,Sat,,,,,simulated_bootstrap,,0,1,0.0
SIM0228,Simulated Title 228,Animation,Original Series,34.0,1,4.094321126785798,14.543818446371128,65.4,7,Tue,,,,,simulated_bootstrap,,0,0,0.0
SIM0229,Simulated Title 229,Sci-Fi,Original Series,37.0,1,49.94549844170808,45.1163889216197,37.1,4,Fri,,,,,simulated_bootstrap,,0,0,0.0
SIM0230,Simulated Title 230,Romance,Licensed Series,34.0,9,11.038750639307716,52.92063498589319,76.3,8,Fri,,,,,simulated_bootstrap,,1,1,0.0
SIM0231,Simulated Title 231,Thriller,Licensed Film,36.0,11,12.41430731179507,37.7177197138795,79.9,7,Fri,,,,,simulated_bootstrap,,1,1,0.0
SIM0232,Simulated Title 232,Documentary,Original Film,34.0,1,24.73488074238676,49.77153092263308,48.9,7,Fri,,,,,simulated_bootstrap,,0,0,0.0
SIM0233,Simulated Title 233,Thriller,Original Film,80.0,13,15.382278980151604,42.31845666292448,43.6,9,Sat,,,,,simulated_bootstrap,,1,0,0.0
SIM0234,Simulated Title 234,Comedy,Original Series,86.0,1,31.59935262755525,21.73364748969556,56.5,1,Thu,,,,,simulated_bootstrap,,0,0,0.0
SIM0235,Simulated Title 235,Romance,Original Film,36.0,1,16.234265539483037,10.54974346874187,62.4,10,Sat,,,,,simulated_bootstrap,,0,0,0.0
SIM0236,Simulated Title 236,Comedy,Original Film,29.0,7,6.603254445875881,17.711581607683303,57.2,6,Wed,,,,,simulated_bootstrap,,1,0,0.0
SIM0237,Simulated Title 237,Drama,Original Series,62.0,16,17.487800529020927,15.601042342477015,60.9,6,Wed,,,,,simulated_bootstrap,,1,0,0.0
SIM0238,Simulated Title 238,Sci-Fi,Original Series,36.0,1,3.881702292810077,35.83027272484148,66.0,6,Thu,,,,,simulated_bootstrap,,0,0,0.0
SIM0239,Simulated Title 239,Comedy,Original Film,66.0,20,13.579478315932976,23.82117203777517,37.4,12,Tue,,,,,simulated_bootstrap,,1,0,0.0
SIM0240,Simulated Title 240,Animation,Original Series,55.0,1,11.784322063421364,4.443763713492062,39.4,6,Wed,,,,,simulated_bootstrap,,0,0,0.0
SIM0241,Simulated Title 241,Reality,Original Series,20.0,7,9.893551118630675,17.74341564063494,13.0,12,Tue,,,,,simulated_bootstrap,,1,0,0.0
SIM0242,Simulated Title 242,Animation,Original Series,89.0,1,10.713048543719564,8.10503458688375,79.0,10,Sat,,,,,simulated_bootstrap,,0,0,0.0
SIM0243,Simulated Title 243,Action,Original Series,95.0,6,1.855493975171307,23.325972978998845,62.3,7,Tue,,,,,simulated_bootstrap,,1,0,0.0
SIM0244,Simulated Title 244,Drama,Original Series,35.0,1,7.037655521975772,45.63029734443914,80.9,10,Sat,,,,,simulated_bootstrap,,0,0,0.0
SIM0245,Simulated Title 245,Animation,Licensed Film,40.0,19,13.367747478833447,11.099512270858746,41.5,6,Mon,,,,,simulated_bootstrap,,1,1,0.0
SIM0246,Simulated Title 246,Action,Original Film,57.0,1,14.294236184566527,52.4107383079782,62.4,1,Sun,,,,,simulated_bootstrap,,0,0,0.0
SIM0247,Simulated Title 247,Reality,Licensed Series,58.0,7,4.359358262701585,24.94485341513156,65.9,3,Sat,,,,,simulated_bootstrap,,1,1,0.0
SIM0248,Simulated Title 248,Reality,Licensed Series,66.0,1,43.19426971063468,35.76596696917246,51.9,2,Mon,,,,,simulated_bootstrap,,0,1,0.0
SIM0249,Simulated Title 249,Horror,Original Film,100.0,1,5.123435201086282,14.11241998676989,34.0,6,Sat,,,,,simulated_bootstrap,,0,0,0.0
SIM0250,Simulated Title 250,Action,Original Series,46.0,22,32.11930337126987,25.621935561558058,93.4,8,Fri,,,,,simulated_bootstrap,,1,0,0.0
SIM0251,Simulated Title 251,Action,Original Film,30.0,22,18.67516118187168,52.39791499617253,87.2,3,Sat,,,,,simulated_bootstrap,,1,0,0.0
SIM0252,Simulated Title 252,Horror,Original Film,20.0,20,6.383858468344355,48.19498063691885,55.1,10,Fri,,,,,simulated_bootstrap,,1,0,0.0
SIM0253,Simulated Title 253,Action,Licensed Series,32.0,1,71.90248978786032,26.39644320402215,71.2,8,Fri,,,,,simulated_bootstrap,,0,1,0.0
SIM0254,Simulated Title 254,Comedy,Original Film,49.0,1,3.692719462209866,22.35141588845641,53.3,8,Sat,,,,,simulated_bootstrap,,0,0,0.0
SIM0255,Simulated Title 255,Documentary,Original Series,95.0,16,30.54356953503653,27.642704708167383,44.1,5,Fri,,,,,simulated_bootstrap,,1,0,0.0
SIM0256,Simulated Title 256,Animation,Original Series,37.0,15,33.134741299589784,32.11292553414071,94.9,8,Mon,,,,,simulated_bootstrap,,1,0,0.0
SIM0257,Simulated Title 257,Sci-Fi,Original Film,56.0,9,6.2300215441497295,55.7406885681536,32.2,6,Sat,,,,,simulated_bootstrap,,1,0,0.0
SIM0258,Simulated Title 258,Documentary,Licensed Series,50.0,1,49.03161529059743,16.218908617481993,56.9,5,Fri,,,,,simulated_bootstrap,,0,1,0.0
SIM0259,Simulated Title 259,Drama,Original Film,80.0,22,9.487294528394836,15.480747939205203,63.5,9,Fri,,,,,simulated_bootstrap,,1,0,0.0
SIM0260,Simulated Title 260,Documentary,Original Film,113.0,1,16.259764640808125,20.960392282734936,91.7,7,Mon,,,,,simulated_bootstrap,,0,0,0.0
SIM0261,Simulated Title 261,Reality,Licensed Film,37.0,16,15.804928768663542,10.686653718771083,78.1,8,Fri,,,,,simulated_bootstrap,,1,1,0.0
SIM0262,Simulated Title 262,Drama,Licensed Series,38.0,1,10.651399143781502,36.441921405229,31.9,1,Sun,,,,,simulated_bootstrap,,0,1,0.0
SIM0263,Simulated Title 263,Thriller,Original Series,76.0,20,27.40726908163658,6.985421523280302,62.0,11,Thu,,,,,simulated_bootstrap,,1,0,0.0
SIM0264,Simulated Title 264,Horror,Original Series,67.0,4,26.936674450690138,57.52524381494896,62.4,2,Fri,,,,,simulated_bootstrap,,1,0,0.0
SIM0265,Simulated Title 265,Romance,Original Series,96.0,1,2.120110111584612,28.165155884564697,57.9,8,Fri,,,,,simulated_bootstrap,,0,0,0.0
SIM0266,Simulated Title 266,Sci-Fi,Original Series,65.0,1,44.89562013466998,37.94411536939452,73.2,12,Sat,,,,,simulated_bootstrap,,0,0,0.0
SIM0267,Simulated Title 267,Sci-Fi,Original Series,41.0,1,2.310601804342571,4.565963100292531,36.6,9,Fri,,,,,simulated_bootstrap,,0,0,0.0
SIM0268,Simulated Title 268,Action,Original Series,65.0,18,34.21096491870472,39.07392159198113,54.6,4,Thu,,,,,simulated_bootstrap,,1,0,0.0
SIM0269,Simulated Title 269,Action,Original Series,78.0,14,37.588762529433104,32.5902940621004,70.6,12,Sun,,,,,simulated_bootstrap,,1,0,0.0
SIM0270,Simulated Title 270,Horror,Original Series,71.0,1,4.091998861177824,34.50841502829877,74.2,10,Fri,,,,,simulated_bootstrap,,0,0,0.0
SIM0271,Simulated Title 271,Horror,Licensed Film,63.0,1,8.078334394957155,23.70136739010705,64.7,11,Tue,,,,,simulated_bootstrap,,0,1,0.0
SIM0272,Simulated Title 272,Horror,Original Series,77.0,20,4.032132254772843,42.43518655493258,56.8,10,Mon,,,,,simulated_bootstrap,,1,0,0.0
SIM0273,Simulated Title 273,Animation,Original Film,79.0,9,9.826462186259809,12.881200099088815,59.8,9,Fri,,,,,simulated_bootstrap,,1,0,0.0
SIM0274,Simulated Title 274,Thriller,Original Film,85.0,7,8.952794478743497,32.99114686361586,75.3,4,Wed,,,,,simulated_bootstrap,,1,0,0.0
SIM0275,Simulated Title 275,Thriller,Licensed Film,66.0,1,26.566752613725704,6.675553056618239,62.6,10,Wed,,,,,simulated_bootstrap,,0,1,0.0
SIM0276,Simulated Title 276,Romance,Original Series,46.0,19,45.16438104130277,10.571078303232644,43.2,10,Sat,,,,,simulated_bootstrap,,1,0,0.0
SIM0277,Simulated Title 277,Sci-Fi,Original Film,54.0,18,49.18967829760136,53.57995621053333,39.8,10,Tue,,,,,simulated_bootstrap,,1,0,0.0
SIM0278,Simulated Title 278,Sci-Fi,Licensed Film,80.0,18,6.943680556013876,15.957134377575064,35.2,9,Sat,,,,,simulated_bootstrap,,1,1,0.0
SIM0279,Simulated Title 279,Romance,Licensed Film,30.0,9,9.882624619770572,12.287989871766325,88.2,11,Thu,,,,,simulated_bootstrap,,1,1,0.0
SIM0280,Simulated Title 280,Animation,Licensed Series,59.0,18,2.262706827263845,30.995644773932675,76.5,7,Sat,,,,,simulated_bootstrap,,1,1,0.0
SIM0281,Simulated Title 281,Action,Original Series,40.0,17,5.441909082042361,50.067412401716936,60.1,2,Sat,,,,,simulated_bootstrap,,1,0,0.0
SIM0282,Simulated Title 282,Action,Original Series,51.0,14,31.97171587676703,19.253338124350865,53.8,9,Mon,,,,,simulated_bootstrap,,1,0,0.0
SIM0283,Simulated Title 283,Drama,Licensed Series,82.0,1,61.28792390080381,67.98139772747848,51.7,4,Fri,,,,,simulated_bootstrap,,0,1,0.0
SIM0284,Simulated Title 284,Documentary,Licensed Film,55.0,12,3.5454004946632165,16.580692395614125,81.7,8,Tue,,,,,simulated_bootstrap,,1,1,0.0
SIM0285,Simulated Title 285,Drama,Original Film,51.0,19,6.7364679251298565,44.5325731706341,96.3,7,Sat,,,,,simulated_bootstrap,,1,0,0.0
SIM0286,Simulated Title 286,Thriller,Original Film,20.0,1,11.865016055175312,28.710346659034748,51.1,7,Sat,,,,,simulated_bootstrap,,0,0,0.0
SIM0287,Simulated Title 287,Thriller,Original Series,69.0,1,16.12161887975093,20.515210248463084,82.5,8,Fri,,,,,simulated_bootstrap,,0,0,0.0
SIM0288,Simulated Title 288,Comedy,Licensed Series,66.0,13,5.421629847283684,35.69482999794101,62.5,1,Fri,,,,,simulated_bootstrap,,1,1,0.0
SIM0289,Simulated Title 289,Documentary,Original Series,104.0,21,18.61673755193791,8.720531597496315,58.2,5,Thu,,,,,simulated_bootstrap,,1,0,0.0
SIM0290,Simulated Title 290,Drama,Original Series,42.0,6,7.584909284917815,23.791157291652,89.1,2,Sat,,,,,simulated_bootstrap,,1,0,0.0
SIM0291,Simulated Title 291,Drama,Original Film,55.0,1,12.007695418427948,21.25906368597829,61.8,2,Thu,,,,,simulated_bootstrap,,0,0,0.0
SIM0292,Simulated Title 292,Horror,Original Film,56.0,1,21.03703062677676,33.80474712276761,67.3,1,Thu,,,,,simulated_bootstrap,,0,0,0.0
SIM0293,Simulated Title 293,Action,Original Series,89.0,1,12.260984999419769,29.052756084271987,66.5,5,Fri,,,,,simulated_bootstrap,,0,0,0.0
SIM0294,Simulated Title 294,Drama,Original Series,48.0,1,7.874377307118779,34.79181328972756,32.7,2,Tue,,,,,simulated_bootstrap,,0,0,0.0
SIM0295,Simulated Title 295,Thriller,Licensed Series,57.0,1,10.917753176448056,42.2199607705117,67.2,4,Sat,,,,,simulated_bootstrap,,0,1,0.0
SIM0296,Simulated Title 296,Romance,Original Series,65.0,20,11.152202820775814,24.24964231836356,51.9,3,Mon,,,,,simulated_bootstrap,,1,0,0.0
SIM0297,Simulated Title 297,Comedy,Original Film,55.0,16,8.414773996962946,30.247633739273528,36.4,3,Fri,,,,,simulated_bootstrap,,1,0,0.0
SIM0298,Simulated Title 298,Sci-Fi,Original Series,39.0,1,9.404647080045772,56.85546252018754,52.7,2,Wed,,,,,simulated_bootstrap,,0,0,0.0
SIM0299,Simulated Title 299,Drama,Original Film,55.0,1,60.258712667473176,29.393240112032725,52.5,6,Wed,,,,,simulated_bootstrap,,0,0,0.0
SIM0300,Simulated Title 300,Drama,Original Film,77.0,13,21.34717575830805,23.718069472344744,80.5,2,Fri,,,,,simulated_bootstrap,,1,0,0.0
SIM0301,Simulated Title 301,Thriller,Original Series,24.0,1,9.065896008609904,43.48483136027773,42.9,8,Sun,,,,,simulated_bootstrap,,0,0,0.0
SIM0302,Simulated Title 302,Thriller,Original Series,53.0,17,24.45792769598681,24.76647534198212,47.8,8,Sat,,,,,simulated_bootstrap,,1,0,0.0
SIM0303,Simulated Title 303,Sci-Fi,Original Series,32.0,22,8.724895668430522,59.15252921662858,66.2,12,Wed,,,,,simulated_bootstrap,,1,0,0.0
SIM0304,Simulated Title 304,Romance,Original Series,80.0,8,39.37474565567972,49.414273786873565,38.1,5,Wed,,,,,simulated_bootstrap,,1,0,0.0
SIM0305,Simulated Title 305,Reality,Licensed Film,20.0,8,17.63070866599059,19.275092244199293,50.1,10,Sat,,,,,simulated_bootstrap,,1,1,0.0
SIM0306,Simulated Title 306,Thriller,Original Series,36.0,1,10.942976730385968,21.570858057122805,32.0,7,Fri,,,,,simulated_bootstrap,,0,0,0.0
SIM0307,Simulated Title 307,Action,Licensed Series,59.0,20,19.062383174733448,45.48274324248505,78.6,4,Tue,,,,,simulated_bootstrap,,1,1,0.0
SIM0308,Simulated Title 308,Romance,Original Series,89.0,1,2.532289534673624,43.203347294911104,56.6,1,Sat,,,,,simulated_bootstrap,,0,0,0.0
SIM0309,Simulated Title 309,Comedy,Licensed Series,48.0,1,3.948092421862624,47.27380263938699,61.7,11,Sat,,,,,simulated_bootstrap,,0,1,0.0
SIM0310,Simulated Title 310,Thriller,Licensed Series,36.0,1,3.6916554674142352,25.38973946761992,78.5,2,Sun,,,,,simulated_bootstrap,,0,1,0.0
SIM0311,Simulated Title 311,Drama,Original Film,97.0,9,14.054506543307834,28.572136176326275,49.0,10,Sun,,,,,simulated_bootstrap,,1,0,0.0
SIM0312,Simulated Title 312,Drama,Original Film,20.0,7,68.89027348557521,23.17922806044498,56.4,10,Sat,,,,,simulated_bootstrap,,1,0,0.0
SIM0313,Simulated Title 313,Reality,Original Film,20.0,10,113.44295894048544,23.320414628001,43.0,4,Mon,,,,,simulated_bootstrap,,1,0,0.0
SIM0314,Simulated Title 314,Horror,Original Series,61.0,1,23.058883614016644,16.97303259220881,42.9,1,Tue,,,,,simulated_bootstrap,,0,0,0.0
SIM0315,Simulated Title 315,Sci-Fi,Licensed Film,37.0,1,20.10250581976083,49.15121741124872,45.4,8,Fri,,,,,simulated_bootstrap,,0,1,0.0
SIM0316,Simulated Title 316,Action,Licensed Series,24.0,6,2.011623818554355,33.19587751508013,53.1,9,Fri,,,,,simulated_bootstrap,,1,1,0.0
SIM0317,Simulated Title 317,Comedy,Licensed Film,68.0,1,7.080370241007617,34.27031340245881,55.1,4,Fri,,,,,simulated_bootstrap,,0,1,0.0
SIM0318,Simulated Title 318,Drama,Original Series,56.0,7,5.541228616438605,47.320746037150585,67.2,10,Fri,,,,,simulated_bootstrap,,1,0,0.0
SIM0319,Simulated Title 319,Comedy,Licensed Series,36.0,1,6.547952476359948,5.7826174727944,46.0,3,Fri,,,,,simulated_bootstrap,,0,1,0.0
SIM0320,Simulated Title 320,Thriller,Licensed Film,20.0,12,10.297036973922308,33.42823374545915,67.8,2,Fri,,,,,simulated_bootstrap,,1,1,0.0
SIM0321,Simulated Title 321,Romance,Original Series,72.0,1,7.598185146805238,50.55663733930453,70.7,5,Mon,,,,,simulated_bootstrap,,0,0,0.0
SIM0322,Simulated Title 322,Sci-Fi,Original Series,66.0,15,1.6832058004231665,10.92677169367234,53.6,3,Thu,,,,,simulated_bootstrap,,1,0,0.0
SIM0323,Simulated Title 323,Comedy,Licensed Series,48.0,1,25.736500986505423,47.63718621041711,47.5,10,Fri,,,,,simulated_bootstrap,,0,1,0.0
SIM0324,Simulated Title 324,Reality,Original Film,96.0,1,4.167252618780456,33.51520189164386,63.5,7,Sat,,,,,simulated_bootstrap,,0,0,0.0
SIM0325,Simulated Title 325,Romance,Licensed Series,23.0,1,15.475325683166153,31.13112656037835,58.3,11,Wed,,,,,simulated_bootstrap,,0,1,0.0
SIM0326,Simulated Title 326,Documentary,Original Series,20.0,13,96.93907319334662,31.56514521042244,66.0,6,Fri,,,,,simulated_bootstrap,,1,0,0.0
SIM0327,Simulated Title 327,Documentary,Licensed Series,33.0,10,4.8579445114325095,13.425930596426694,90.3,1,Sat,,,,,simulated_bootstrap,,1,1,0.0
SIM0328,Simulated Title 328,Action,Original Series,49.0,6,0.9701665484927356,4.261251654027319,63.2,12,Fri,,,,,simulated_bootstrap,,1,0,0.0
SIM0329,Simulated Title 329,Comedy,Original Series,56.0,17,9.15221364204492,44.02492515093427,50.5,8,Mon,,,,,simulated_bootstrap,,1,0,0.0
SIM0330,Simulated Title 330,Action,Original Series,44.0,13,36.63337224737262,11.95934956640864,46.0,2,Fri,,,,,simulated_bootstrap,,1,0,0.0
SIM0331,Simulated Title 331,Romance,Licensed Series,59.0,1,86.34470255787136,20.00779313230957,46.7,5,Thu,,,,,simulated_bootstrap,,0,1,0.0
SIM0332,Simulated Title 332,Drama,Licensed Series,20.0,1,3.5624567513444214,70.07817975708072,35.7,9,Sun,,,,,simulated_bootstrap,,0,1,0.0
SIM0333,Simulated Title 333,Drama,Original Film,86.0,13,20.01934834658186,28.17555447671213,78.8,8,Tue,,,,,simulated_bootstrap,,1,0,0.0
SIM0334,Simulated Title 334,Drama,Original Film,48.0,16,7.649876800660532,34.92651154755516,21.8,2,Fri,,,,,simulated_bootstrap,,1,0,0.0
SIM0335,Simulated Title 335,Drama,Licensed Film,78.0,9,10.957801251950094,18.348662812958903,70.8,9,Mon,,,,,simulated_bootstrap,,1,1,0.0
SIM0336,Simulated Title 336,Horror,Original Film,59.0,1,171.4588587259895,50.231667378978365,46.4,5,Fri,,,,,simulated_bootstrap,,0,0,0.0
SIM0337,Simulated Title 337,Sci-Fi,Licensed Series,61.0,12,2.710219618391329,6.245007841002178,52.8,10,Fri,,,,,simulated_bootstrap,,1,1,0.0
SIM0338,Simulated Title 338,Thriller,Original Film,64.0,1,15.701239550432955,43.54437700393007,45.8,6,Thu,,,,,simulated_bootstrap,,0,0,0.0
SIM0339,Simulated Title 339,Drama,Original Film,61.0,7,19.44700690840578,9.20630148030118,88.0,3,Fri,,,,,simulated_bootstrap,,1,0,0.0
SIM0340,Simulated Title 340,Thriller,Original Film,66.0,1,36.08171852212293,62.57518883853295,62.3,3,Wed,,,,,simulated_bootstrap,,0,0,0.0
SIM0341,Simulated Title 341,Thriller,Original Series,83.0,1,13.436611106298304,37.70081169472025,76.2,10,Thu,,,,,simulated_bootstrap,,0,0,0.0
SIM0342,Simulated Title 342,Comedy,Licensed Series,55.0,21,16.577569381014616,12.71719790497805,85.4,8,Fri,,,,,simulated_bootstrap,,1,1,0.0
SIM0343,Simulated Title 343,Thriller,Original Film,68.0,1,8.234654705031103,27.43528735631584,64.9,11,Thu,,,,,simulated_bootstrap,,0,0,0.0
SIM0344,Simulated Title 344,Action,Original Series,48.0,7,15.94470726497351,38.256661568693126,40.5,10,Sat,,,,,simulated_bootstrap,,1,0,0.0
SIM0345,Simulated Title 345,Documentary,Licensed Film,86.0,1,8.643501133352089,17.843961982715925,58.0,10,Fri,,,,,simulated_bootstrap,,0,1,0.0
SIM0346,Simulated Title 346,Sci-Fi,Original Film,33.0,4,22.682005250042383,21.62905367743838,48.6,12,Fri,,,,,simulated_bootstrap,,1,0,0.0
SIM0347,Simulated Title 347,Drama,Original Film,95.0,1,8.418146420665423,52.09740341645329,52.9,2,Mon,,,,,simulated_bootstrap,,0,0,0.0
SIM0348,Simulated Title 348,Action,Licensed Film,49.0,1,17.762693620812936,27.9074004926693,60.3,11,Fri,,,,,simulated_bootstrap,,0,1,0.0
SIM0349,Simulated Title 349,Sci-Fi,Licensed Series,20.0,1,11.831165410881908,48.49887995749727,59.6,12,Sat,,,,,simulated_bootstrap,,0,1,0.0
SIM0350,Simulated Title 350,Thriller,Original Series,53.0,1,37.56415423170727,34.81128642195799,69.4,12,Thu,,,,,simulated_bootstrap,,0,0,0.0
SIM0351,Simulated Title 351,Horror,Licensed Film,33.0,14,11.572207016803809,37.76973082787967,72.0,2,Sat,,,,,simulated_bootstrap,,1,1,0.0
SIM0352,Simulated Title 352,Sci-Fi,Licensed Series,71.0,23,2.068797523146535,45.52676384890687,59.6,5,Wed,,,,,simulated_bootstrap,,1,1,0.0
SIM0353,Simulated Title 353,Comedy,Original Series,34.0,18,43.03103074709083,56.4636774420852,69.3,6,Sat,,,,,simulated_bootstrap,,1,0,0.0
SIM0354,Simulated Title 354,Drama,Original Series,39.0,19,4.924721373609931,13.525495524082082,52.1,12,Tue,,,,,simulated_bootstrap,,1,0,0.0
SIM0355,Simulated Title 355,Sci-Fi,Licensed Series,20.0,1,6.335911339952575,41.89062970344011,85.7,2,Sat,,,,,simulated_bootstrap,,0,1,0.0
SIM0356,Simulated Title 356,Drama,Licensed Series,39.0,13,6.71496559230263,62.772397336782085,51.8,5,Fri,,,,,simulated_bootstrap,,1,1,0.0
SIM0357,Simulated Title 357,Documentary,Original Film,20.0,1,48.155631709041415,42.33062618932802,83.5,7,Thu,,,,,simulated_bootstrap,,0,0,0.0
SIM0358,Simulated Title 358,Animation,Licensed Film,20.0,1,1.4395431207981058,32.42865327317485,35.4,10,Thu,,,,,simulated_bootstrap,,0,1,0.0
SIM0359,Simulated Title 359,Documentary,Licensed Series,69.0,1,250.0,52.37323534287259,55.2,10,Fri,,,,,simulated_bootstrap,,0,1,0.0
SIM0360,Simulated Title 360,Action,Original Series,70.0,21,35.02481495791422,68.43643932117193,56.0,8,Sun,,,,,simulated_bootstrap,,1,0,0.0
SIM0361,Simulated Title 361,Sci-Fi,Original Series,61.0,1,15.229569716270804,35.926527588984385,67.0,12,Wed,,,,,simulated_bootstrap,,0,0,0.0
SIM0362,Simulated Title 362,Thriller,Original Series,26.0,1,11.531771894770367,39.39614324212918,77.5,7,Tue,,,,,simulated_bootstrap,,0,0,0.0
SIM0363,Simulated Title 363,Thriller,Licensed Series,49.0,8,16.20879627566964,37.99956547644613,39.5,8,Fri,,,,,simulated_bootstrap,,1,1,0.0
SIM0364,Simulated Title 364,Animation,Original Series,50.0,1,20.51430460426981,8.417433653931045,42.1,12,Fri,,,,,simulated_bootstrap,,0,0,0.0
SIM0365,Simulated Title 365,Action,Original Film,21.0,1,23.22468184871398,43.72271147397713,36.8,9,Fri,,,,,simulated_bootstrap,,0,0,0.0
SIM0366,Simulated Title 366,Reality,Licensed Series,88.0,22,21.234016889786552,9.410779357588526,85.8,5,Fri,,,,,simulated_bootstrap,,1,1,0.0
SIM0367,Simulated Title 367,Animation,Licensed Film,72.0,15,13.32418335181046,39.826128649897655,67.4,5,Thu,,,,,simulated_bootstrap,,1,1,0.0
SIM0368,Simulated Title 368,Comedy,Original Series,44.0,12,10.000764896238104,7.765506645751091,42.5,11,Sun,,,,,simulated_bootstrap,,1,0,0.0
SIM0369,Simulated Title 369,Drama,Licensed Series,51.0,4,10.472227116464463,12.82124549316296,54.0,10,Fri,,,,,simulated_bootstrap,,1,1,0.0
SIM0370,Simulated Title 370,Drama,Original Series,55.0,21,10.025097708684385,21.42506430565661,83.3,4,Tue,,,,,simulated_bootstrap,,1,0,0.0
SIM0371,Simulated Title 371,Drama,Licensed Series,20.0,7,37.85526594411216,18.98088523955465,57.0,9,Sat,,,,,simulated_bootstrap,,1,1,0.0
SIM0372,Simulated Title 372,Drama,Original Series,44.0,13,22.05538351164129,44.9549690409468,55.9,5,Fri,,,,,simulated_bootstrap,,1,0,0.0
SIM0373,Simulated Title 373,Sci-Fi,Original Film,33.0,10,0.6437861748351824,23.40831361350911,47.9,2,Thu,,,,,simulated_bootstrap,,1,0,0.0
SIM0374,Simulated Title 374,Drama,Licensed Series,25.0,1,23.47417255453004,10.047468691113757,43.6,10,Fri,,,,,simulated_bootstrap,,0,1,0.0
SIM0375,Simulated Title 375,Action,Original Series,43.0,20,14.801613494385938,17.529106997208217,83.3,8,Wed,,,,,simulated_bootstrap,,1,0,0.0
SIM0376,Simulated Title 376,Horror,Original Series,95.0,1,11.95669345773689,31.120624590899983,92.1,7,Fri,,,,,simulated_bootstrap,,0,0,0.0
SIM0377,Simulated Title 377,Drama,Licensed Series,66.0,14,8.260470497863665,30.72581434169985,44.3,8,Sat,,,,,simulated_bootstrap,,1,1,0.0
SIM0378,Simulated Title 378,Horror,Licensed Series,36.0,12,37.49144298930944,31.62298390616308,87.3,12,Tue,,,,,simulated_bootstrap,,1,1,0.0
SIM0379,Simulated Title 379,Comedy,Licensed Series,64.0,10,31.42257118165849,44.93230296578294,53.2,3,Fri,,,,,simulated_bootstrap,,1,1,0.0
SIM0380,Simulated Title 380,Drama,Licensed Series,85.0,20,5.624445312834168,49.92607592612914,71.6,4,Sat,,,,,simulated_bootstrap,,1,1,0.0
SIM0381,Simulated Title 381,Sci-Fi,Original Film,73.0,20,18.30276766844023,37.9732874760958,87.4,5,Sun,,,,,simulated_bootstrap,,1,0,0.0
SIM0382,Simulated Title 382,Sci-Fi,Original Series,51.0,1,4.610532063656954,25.87951204847888,59.4,6,Fri,,,,,simulated_bootstrap,,0,0,0.0
SIM0383,Simulated Title 383,Horror,Original Series,34.0,9,3.066024695998057,21.720650202910807,56.1,1,Fri,,,,,simulated_bootstrap,,1,0,0.0
SIM0384,Simulated Title 384,Romance,Original Series,67.0,1,6.509631018381204,63.37271424536701,76.4,4,Fri,,,,,simulated_bootstrap,,0,0,0.0
SIM0385,Simulated Title 385,Horror,Licensed Film,60.0,1,28.85817954082756,30.24225452045582,42.0,11,Sun,,,,,simulated_bootstrap,,0,1,0.0
SIM0386,Simulated Title 386,Comedy,Original Film,72.0,5,31.598986439404943,35.324383153672905,82.6,12,Sat,,,,,simulated_bootstrap,,1,0,0.0
SIM0387,Simulated Title 387,Comedy,Original Film,66.0,4,20.35009174225362,19.600880118123296,64.6,10,Wed,,,,,simulated_bootstrap,,1,0,0.0
SIM0388,Simulated Title 388,Romance,Original Film,76.0,1,25.155983652799826,19.460414633823603,51.6,5,Fri,,,,,simulated_bootstrap,,0,0,0.0
SIM0389,Simulated Title 389,Horror,Licensed Film,37.0,8,20.41312930295536,12.016596269169016,51.1,7,Fri,,,,,simulated_bootstrap,,1,1,0.0
SIM0390,Simulated Title 390,Reality,Original Series,83.0,5,6.414226440685078,28.81738348704263,37.1,5,Sat,,,,,simulated_bootstrap,,1,0,0.0
SIM0391,Simulated Title 391,Action,Original Film,55.0,1,18.7636698354586,19.451076843381124,52.3,1,Fri,,,,,simulated_bootstrap,,0,0,0.0
SIM0392,Simulated Title 392,Action,Original Film,102.0,5,27.12374450413803,22.190174670034967,57.2,11,Fri,,,,,simulated_bootstrap,,1,0,0.0
SIM0393,Simulated Title 393,Romance,Licensed Series,33.0,1,25.90125258298723,49.24424140581508,42.9,7,Sun,,,,,simulated_bootstrap,,0,1,0.0
SIM0394,Simulated Title 394,Action,Original Series,93.0,1,40.00135671743627,8.506599782258311,61.2,8,Mon,,,,,simulated_bootstrap,,0,0,0.0
SIM0395,Simulated Title 395,Animation,Licensed Film,55.0,19,24.73709273189058,17.078468035505963,70.5,7,Wed,,,,,simulated_bootstrap,,1,1,0.0
SIM0396,Simulated Title 396,Horror,Licensed Film,34.0,19,17.312836274237387,32.75299415979275,58.2,11,Fri,,,,,simulated_bootstrap,,1,1,0.0
SIM0397,Simulated Title 397,Action,Original Film,38.0,22,35.5219295056412,31.46017534698956,73.9,4,Thu,,,,,simulated_bootstrap,,1,0,0.0
SIM0398,Simulated Title 398,Romance,Licensed Series,42.0,10,11.863645697789703,55.913004317614565,47.5,8,Mon,,,,,simulated_bootstrap,,1,1,0.0
SIM0399,Simulated Title 399,Romance,Licensed Film,61.0,15,5.0436264081335285,5.690746574113332,80.1,5,Tue,,,,,simulated_bootstrap,,1,1,0.0
TMDB969681,Spider-Man: Brand New Day,Sci-Fi,Original Film,145.0,1,225.0,100.0,79.0,7,Fri,1407.5009,Fighting crime full-time as Spider-Man in a world that doesn't remember him—and the pressure of seeing his old friends move on without him—sparks a change in Peter Parker he may not have the power to control. But that transformation might also be the only thing that can stop a shocking new threat to the city and those he loves - a powerful villain no one can even see.,/iPOn6DinuVyLY17YM9mKuPofV08.jpg,2026-07-31,real_tmdb_pull,2026-08-17,0,0,2021.832
TMDB1368337,The Odyssey,Action,Licensed Film,173.0,1,250.0,96.5,79.9,7,Fri,814.1546,"Odysseus, the legendary King of Ithaca, embarks on a long and perilous journey home following the Trojan War. Throughout his voyage, he is forced to confront the whims of gods, mythological monsters, and trials that stretch both his cunning and his humanity to the breaking point.",/5rhTDKUhPYvpdQIijFIs5VoWsON.jpg,2026-07-17,real_tmdb_pull,2026-08-17,0,1,1290.92437
TMDB1212763,Evil Dead Burn,Horror,Licensed Film,110.0,1,20.0,66.7,78.96,7,Fri,212.9707,"After her husband's abrupt death, Alice seeks solace with his remaining family — descendants of a leading researcher on demonic possession. As her in-laws transform one by one into creatures that feed on fear, she comes to discover that the vows she took in life survive even in death.",/uRxrNXQWkHoENm3nwVOZDYSCx2F.jpg,2026-07-10,real_tmdb_pull,2026-08-17,0,1,66.772865
TMDB1101383,The End of Oak Street,Sci-Fi,Licensed Film,99.0,1,80.0,98.2,67.26,8,Fri,212.4078,"After a mysterious cosmic event rips Oak Street from suburbia and transports their neighborhood to someplace unknown, the Platt family soon discovers that their very survival depends on them sticking together as they navigate their now unrecognizable surroundings.",/fYXqpgPmHMphSF2W30GbTeJVIa5.jpg,2026-08-14,real_tmdb_pull,2026-08-17,0,1,47.0
TMDB1108427,Moana,Comedy,Original Film,115.0,1,250.0,57.9,60.0,7,Fri,194.0393,"Teenage Moana answers the Ocean's call and, for the first time, voyages beyond the reef of her island of Motunui with infamous demigod Maui on an unforgettable journey to restore prosperity to her people.",/zKVgiv5qHCvCLT4A2ymJi5QeXDH.jpg,2026-07-10,real_tmdb_pull,2026-08-17,0,0,293.019159
TMDB950028,The Invite,Comedy,Original Film,107.0,1,6.0,78.9,74.08,6,Fri,120.005,"Joe and Angela's marriage is on thin ice. When they invite their enigmatic upstairs neighbors for a dinner party, the night spirals into unexpected places. Have they reignited the spark or lit the match that burns it all down?",/b7Dr8Chzse8VagexAporUu2RtLx.jpg,2026-06-26,real_tmdb_pull,2026-08-17,0,0,42.892172
TMDB1185806,PAW Patrol: The Dino Movie,Animation,Licensed Film,88.0,1,40.0,42.1,70.0,8,Fri,41.2238,"The Paw Patrol lands on a mysterious dinosaur island after a storm, where they meet Rex, a stranded pup. When Humdinger's reckless mining triggers a volcano, the team faces their biggest rescue mission yet to save the island.",/qnin56Syy5rbG7KCaxWY7SPuy6p.jpg,2026-08-14,real_tmdb_pull,2026-08-17,0,1,69.0
TMDB1469342,Her Private Hell,Sci-Fi,Original Film,110.0,1,6.0,71.9,51.0,7,Fri,37.3365,"When a mysterious mist engulfs a futuristic metropolis, unleashing a deadly and elusive entity, a troubled young woman searches for her father. Her quest collides with an American GI on a harrowing odyssey to rescue his daughter from Hell.",/kiFacg75KVjy0AM3S4QmbPas8zL.jpg,2026-07-24,real_tmdb_pull,2026-08-17,0,0,0.662177
TMDB1477712,Ice Cream Man,Horror,Original Film,86.0,1,5.5,50.9,51.0,8,Mon,31.3671,An idyllic summer town descends into madness when an ice cream man serves kids sweet delights with horrifying results.,/c987gxFjXqYOxZEZKcTkS1ONTWH.jpg,2026-08-03,real_tmdb_pull,2026-08-17,0,0,2.66
TMDB372058,Your Name.,Animation,Licensed Film,106.0,1,7.5,64.9,84.84,4,Fri,28.5358,"High schoolers Mitsuha and Taki are complete strangers living separate lives. But one night, they suddenly switch places. Mitsuha wakes up in Taki’s body, and he in hers. This bizarre occurrence continues to happen randomly, and the two must adjust their lives around each other.",/vfJFJPepRKapMd5G2ro7klIRysq.jpg,2017-04-07,real_tmdb_pull,2026-08-17,0,1,405.320132
TMDB1240889,Teenage Sex and Death at Camp Miasma,Comedy,Original Film,112.0,1,8.0,87.7,73.0,8,Fri,23.3193,"After years of slapdash sequels and waning fandom, the Camp Miasma slasher franchise is handed over to an enthusiastic young director for resurrection. But when she visits the original's star, a now-reclusive actress shrouded in mystery, the two women fall into a blood-soaked world of desire, fear, and delirium.",/5Cz1EJOKpZ8hqvBNZYF9C2zTB2T.jpg,2026-08-07,real_tmdb_pull,2026-08-17,0,0,0.2515
TMDB1433367,One Night Only,Comedy,Original Film,102.0,1,25.0,75.4,68.0,8,Fri,22.4143,Two love-starved strangers crash into each other on the one night of the year when single people are allowed to have sex.,/9LGEqZvzI7Tsosf8srwEY48rZsD.jpg,2026-08-07,real_tmdb_pull,2026-08-17,0,0,12.128065
TMDB396535,Train to Busan,Action,Licensed Film,118.0,1,8.5,73.7,77.53999999999999,7,Fri,21.6214,"When a zombie virus pushes Korea into a state of emergency, those trapped on an express train to Busan must fight for their own survival.",/vNVFt6dtcqnI7hqa6LFBUibuFiw.jpg,2016-07-22,real_tmdb_pull,2026-08-17,0,1,87.547518
TMDB313369,La La Land,Comedy,Licensed Film,129.0,1,30.0,93.0,79.0,12,Fri,21.3412,"Mia, an aspiring actress, serves lattes to movie stars in between auditions and Sebastian, a jazz musician, scrapes by playing cocktail party gigs in dingy bars, but as success mounts they are faced with decisions that begin to fray the fragile fabric of their love affair, and the dreams they worked so hard to maintain in each other threaten to rip them apart.",/uDO8zWDhfWwoFdKS4fzkUJt0Rf0.jpg,2016-12-09,real_tmdb_pull,2026-08-17,0,1,509.183536
TMDB18491,Neon Genesis Evangelion: The End of Evangelion,Animation,Original Film,87.0,1,7.5,59.6,83.0,3,Sun,16.2058,"SEELE orders an all-out attack on NERV, aiming to destroy the Evas before Gendo can advance his own plans for the Human Instrumentality Project. Shinji is pushed to the limits of his sanity as he is forced to decide the fate of humanity.",/j6G24dqI4WgUtChhWjfnI4lnmiK.jpg,2024-03-17,real_tmdb_pull,2026-08-17,0,0,26.0
TMDB1232569,Pinocchio: Unstrung,Horror,Licensed Film,82.0,1,0.5,36.8,85.0,7,Fri,16.1203,"Influenced by a sinister Cricket and created by Geppetto, Pinocchio launches a violent crusade to carve himself into a real boy like his brother James, one piece at a time.",/r0hCOPsYHFc7qok51canND9TVoN.jpg,2026-07-24,real_tmdb_pull,2026-08-17,0,1,0.802103
TMDB1476682,Gail Daughtry and the Celebrity Sex Pass,Comedy,Original Film,94.0,1,3.5,82.5,65.56,7,Fri,15.2717,"Small-town Kansas hairdresser Gail Daughtry's fiancé uses his 'celebrity sex pass' on Jennifer Aniston, prompting Gail to travel to LA with her friend Otto to find her own pass, Jon Hamm, to even the score.",/98T4bnMjJs71WOVZoeY8edZhfgZ.jpg,2026-07-10,real_tmdb_pull,2026-08-17,0,0,1.441364
TMDB1288059,I Want Your Sex,Comedy,Licensed Film,90.0,1,10.0,89.5,61.0,7,Fri,14.52,"When fresh-faced Elliot lands an exciting job for renowned artist, icon and provocateur Erika Tracy, his fantasies come true as Erika taps him to become her sexual muse. But Elliot soon finds himself out of his depth as Erika takes him on a journey more profound than he ever could have imagined, into a world of sex, obsession, power, betrayal and murder.",/pR7SIX3AwqdoD96OI44oLG98e7g.jpg,2026-07-31,real_tmdb_pull,2026-08-17,0,1,1.268122
TMDB87513,Motor City,Action,Licensed Film,103.0,1,30.0,94.7,63.0,7,Fri,13.7765,"In 1970s Detroit, John Miller falls for a local gangster's girl and lands in prison for a crime he didn't commit. With his life ruined, Miller plots revenge against the man who took his girl away.",/lGovcOtxugJPhfJjFKud9EbWtOA.jpg,2026-07-24,real_tmdb_pull,2026-08-17,0,1,0.0
TMDB1124142,The Rivals of Amziah King,Thriller,Licensed Film,130.0,1,6.0,91.2,84.0,8,Fri,10.2671,"Amziah King, beekeeper, musician, and anchor of his community, reunites with former foster daughter Kateri after many years apart, and fends off threats to his honey business.",/3iVDCDS1VwHIm95PjWEPwsfdhaf.jpg,2026-08-14,real_tmdb_pull,2026-08-17,0,1,1.027
TMDB252,Willy Wonka & the Chocolate Factory,Comedy,Licensed Film,100.0,1,3.0,52.6,74.83,6,Wed,9.3383,"When eccentric candy man Willy Wonka promises a lifetime supply of sweets and a tour of his chocolate factory to five lucky kids, penniless Charlie Bucket seeks the golden ticket that will make him a winner.",/vmpsZkrs4Uvkp9r1atL8B3frA63.jpg,1971-06-30,real_tmdb_pull,2026-08-17,0,1,2.361799
TMDB37933,Tales from Earthsea,Animation,Original Film,116.0,1,22.0,70.2,65.27,8,Fri,5.7476,"As crops dwindle and dragons reappear, mankind stands on the verge of total chaos. Lord Archmage Sparrowhawk, a powerful wizard, and Arren, a troubled young prince, search for the force behind this mysterious imbalance that threatens to destroy the land of Earthsea.",/y0VnJt4eRPMjA1hpJ8f1EFoVaSf.jpg,2010-08-13,real_tmdb_pull,2026-08-17,0,0,68.625104
TMDB1744669,Awake,Thriller,Licensed Film,88.0,1,0.003,33.3,0.0,8,Fri,5.1572,"A corrupt police officer investigates his best friend's murder, getting involved in an underground drug ring in Southern Rhode Island.",/z1p4Cznszx2zhBH5INCMDxQ7atf.jpg,2026-08-07,real_tmdb_pull,2026-08-17,0,1,0.0
TMDB2171,Wet Hot American Summer,Comedy,Licensed Film,97.0,1,5.0,61.4,62.44,7,Fri,5.069,"It's the last day of Camp Firewood's season, but there's still time for the big talent show, a little romance… and for everyone to be wiped out by the piece of NASA's Skylab that's hurtling toward Earth.",/AaqZVlzoVOoT65QgikMVw0CqNlf.jpg,2001-07-27,real_tmdb_pull,2026-08-17,0,1,0.295206
TMDB1726481,"Peace, Peace!",Drama,Licensed Film,5.0,1,0.014,45.6,0.0,7,Thu,3.9145,"An hour before their mother's funeral, three siblings are forced to reckon with the horrifying reality of their childhood.",/df0dKXfpe83sE3IMY2FmCmXKPwG.jpg,2026-07-09,real_tmdb_pull,2026-08-17,0,1,0.0
TMDB1725055,The Lift,Thriller,Original Film,73.0,1,0.01,8.8,0.0,8,Sun,3.5548,"The world's first film shot entirely inside an elevator, from the brilliant mind of Sexocracy author Luca Redavid. Bologna, August 2, 1980. A terrifying roar shakes the central station, while six strangers remain trapped in a cabin just steps from hell. Isolated from the world in a claustrophobic space of just a few square meters, tensions rise to the limit as air runs out and help fails to arrive...",/oWCUWm3MlDr6m6KBiuaawRc5TdY.jpg,2026-08-02,real_tmdb_pull,2026-08-17,0,0,1.0
TMDB1743365,Sand,Drama,Licensed Film,20.0,1,0.4,22.8,0.0,7,Fri,3.3462,"Elisha wakes to a crumbling reality. The wind never stops blowing, the sand keeps accumulating, burying everything. Medea arrives, his long-lost love, elegant and alive, trying to reach through. But In a world where everything falls apart, could anything last?",,2026-07-17,real_tmdb_pull,2026-08-17,0,1,0.0
TMDB1560599,Vestige,Sci-Fi,Licensed Film,27.0,1,0.006,38.6,100.0,4,Wed,3.1594,"When a hooded figure steps into an abandoned house deep in the woods, flickering lights awaken memories of the family who once called it home.",/i91M2q8hKvEfoPlXUmWx5cfywni.jpg,2026-04-01,real_tmdb_pull,2026-08-17,0,1,0.0
TMDB1720375,Breakfast,Horror,Original Film,11.0,1,0.0008,47.4,0.0,7,Sat,3.0103,"On the cusp of a big announcement, a frazzled mom prepares a glorious breakfast for her family. But, when they run for the door before even sampling her buffet, Mom takes matters into her own hands - holding them hostage until every scrap of food is gone.",/hURanHX1kFHR2dYJlcafnufxgSO.jpg,2026-07-25,real_tmdb_pull,2026-08-17,0,0,0.0
TMDB1714183,Justice,Thriller,Licensed Film,13.0,1,0.001,29.8,0.0,7,Fri,2.8853,"The online child safety taskforce, ""Predator Puncherz"", document their latest and most infamous sting operation.",/5QDNRaXRvfh0MN3bMhRvEJfQPfz.jpg,2026-07-24,real_tmdb_pull,2026-08-17,0,1,0.0
TMDB1742678,PITSTOP,Thriller,Original Film,8.0,1,0.0003,1.8,0.0,7,Sat,2.5082,A chance encounter at a gas station opens the doors to love and loss in this arthouse performance piece.,/6JTYNQFr8usTPssV46YpSGfDJ7E.jpg,2026-07-25,real_tmdb_pull,2026-08-17,0,0,0.0
TMDB1539788,Falcons,Drama,Licensed Film,145.0,1,0.6,26.3,0.0,8,Thu,2.3926,"Andy is trained by his ex-hitman father to infiltrate Hell's Cartel, but when his sister is kidnapped and betrayal hits, the plan unravels, sparking the H-Game, turning child violence into global control.",/xXHFiYfFAfgg6IDrSJq4kWzimR2.jpg,2026-08-06,real_tmdb_pull,2026-08-17,0,1,0.0
TMDB1596332,American Doctor,Documentary,Original Film,93.0,1,0.875,24.6,0.0,8,Fri,2.2306,"When three American doctors — Palestinian, Jewish, and Zoroastrian — enter Gaza to save lives, they find themselves caught between medicine and politics, risking everything to expose the truth.",/5yRLsslzgs8FjhZO6UsyTPYqavz.jpg,2026-08-14,real_tmdb_pull,2026-08-17,0,0,0.0
TMDB1728105,Singer,Thriller,Licensed Film,5.0,1,0.0035,10.5,0.0,7,Sun,2.1844,"While recording vocal takes alone in a deserted carpark, an anxious singer confronts the shadows outside and the fear within.",/lIuFsNksMeZlqjAxxWzWb5gZCyz.jpg,2026-07-19,real_tmdb_pull,2026-08-17,0,1,0.0
TMDB1695763,Molder Man,Drama,Original Film,13.0,1,0.0032,7.0,0.0,7,Fri,2.1303,"Thrown into a shapeless prison, the Molder Man must face the music.",/9ORayUuZkLjPYkEci5RouqxyEHf.jpg,2026-07-31,real_tmdb_pull,2026-08-17,0,0,0.0
TMDB1719030,Rave,Horror,Licensed Film,13.0,1,0.02,12.3,0.0,7,Sat,1.8074,A masked DJ slices and dices his way through an afterparty in the Hollywood Hills.,/5IAMySn2mJyo2Y0lWPs02n8GmgA.jpg,2026-07-18,real_tmdb_pull,2026-08-17,0,1,0.0
TMDB1733325,AMUCK,Comedy,Original Film,20.0,1,0.03,31.6,0.0,7,Thu,1.6297,"A man who laments ""not even feeling like the main character of his own story"" suddenly finds himself aware of the camera that's watching him, eliciting a mind-bending journey of self discovery.",/9rdBsWfSPGD4oWXHMk3jByWNfkG.jpg,2026-07-30,real_tmdb_pull,2026-08-17,0,0,0.0
TMDB1631668,Stay in the car,Thriller,Licensed Film,7.0,1,0.015,19.3,0.0,4,Fri,1.5031,"Set against the dim glow of streetlights and the hum of passing sirens, Stay in the Car captures one night in the life of a fifteen-year-old girl waiting in her mother's El Camino and the quiet reckoning that unfolds in the stillness. Based on real events, Stay in the Car explores the fragile line between safety and survival, love and neglect. It invites audiences into a world where survival depends on silence, and one young girl must decide whether to remain in her mother's chaos or step into her own uncertain freedom.",/tT006jgKteCi2hxGE6fwVVxvLYc.jpg,2026-04-17,real_tmdb_pull,2026-08-17,0,1,0.0
TMDB1730589,"Bad Cop, Bad Cop",Comedy,Original Film,8.0,1,0.00025,43.9,0.0,7,Sun,1.4791,"Bad Cop, Bad Cop is a crime comedy short film about two big-hearted police officers, Eddie and Joel, who believe they've caught the ultimate villain...or just a guy in for a parking ticket. Through their interrogation of Hunter, a guy in for a parking ticket, can they prove to the Chief that they were meant to be police officers? Or are they onto the wrong hunch?",/qpl95QpYGvIX4s4f4FROTuUNFw5.jpg,2026-07-12,real_tmdb_pull,2026-08-17,0,0,0.0
TMDB920,Cars,Animation,Original Film,117.0,1,120.0,84.2,70.46000000000001,6,Fri,22.2964,"Lightning McQueen, a hotshot rookie race car driven to succeed, discovers that life is about the journey, not the finish line, when he finds himself unexpectedly detoured in the sleepy Route 66 town of Radiator Springs. On route across the country to the big Piston Cup Championship in California to compete against two seasoned pros, McQueen gets to know the town's offbeat characters.",/2Touk3m5gzsqr1VsvxypdyHY5ci.jpg,2006-06-09,real_tmdb_pull,2026-08-17,0,0,461.983149
TMDB1204680,Coyote vs. Acme,Comedy,Licensed Film,103.0,1,72.0,68.4,0.0,8,Fri,20.9193,"After Acme products fail him one too many times in his dogged pursuit of the Roadrunner, Wile E. Coyote decides to hire a billboard lawyer to sue the Acme Corporation.",/orkLtdgMGiO9rTVMqJ1kKwrnup1.jpg,2026-08-28,real_tmdb_pull,2026-08-17,0,1,15.956449
TMDB1058424,Hope,Sci-Fi,Original Film,157.0,1,40.0,63.2,81.0,9,Wed,20.4307,"In the remote South Korean village of Hope Harbor, police chief Bum-seok and officer Sung-ae are called to investigate a mysterious creature wreaking havoc on the community. But all is not as it seems, and perceptions can be misleading. What begins as ignorance plants the seed of disaster, escalating through human conflict into a tragedy of cosmic proportions.",/bcK5naYzzfY0JBCgrPrsrbV6NO1.jpg,2026-09-09,real_tmdb_pull,2026-08-17,0,0,33.8
TMDB149,Akira,Animation,Original Film,124.0,1,5.7,56.1,79.0,12,Mon,13.5169,A secret military project endangers Neo-Tokyo when it turns a biker gang member into a rampaging psychic psychopath that only two teenagers and a group of psychics can stop.,/neZ0ykEsPqxamsX6o5QNUFILQrz.jpg,1989-12-25,real_tmdb_pull,2026-08-17,0,0,49.0
TMDB1213243,Toxic: A Fairy Tale For Grown-ups,Action,Original Film,194.0,1,60.0,54.4,0.0,8,Tue,11.4869,"As Portuguese rule crumbles in Goa, Raya rises through betrayal and bloodshed to claim the city’s underworld, only to learn that power always demands a price.",/uPDutjavZO22SbIngBezk173vSb.jpg,2026-08-25,real_tmdb_pull,2026-08-17,0,0,27.15
TMDB9327,The Nutty Professor,Comedy,Original Film,95.0,1,54.0,86.0,56.44,6,Fri,8.6665,"When beautiful Carla Purty joins the university faculty, genetic professor Dr. Sherman Klump grows desperate to whittle his 400-pound frame down to size and win her heart. So, with one swig of his experimental fat-reducing serum, Sherman becomes 'Buddy Love', a fast-talking, pumped-up, plumped down Don Juan.",/fMtb5aZoLRNbMnCkatFsTmPRfl5.jpg,1996-06-28,real_tmdb_pull,2026-08-17,0,0,128.769345
TMDB1422011,It Ends,Horror,Licensed Film,89.0,1,0.05,28.1,50.0,8,Fri,5.5891,"A group of recent grads head out on a late night drive for grub, hoping to enjoy one final hangout before their paths diverge. Instead, they accidentally turn onto a never-ending, two-lane hellscape surrounded by untold horrors and cosmic forces beyond their understanding. Cramped together inside a Jeep Cherokee and with the miles stretching infinitely ahead, they face a choice: embrace their new existence or fight to escape it.",/6dfAGvZWbJnzWfSZ8gxFj63BNAH.jpg,2026-08-21,real_tmdb_pull,2026-08-17,0,1,0.061287
TMDB1000866,The Marching Band,Comedy,Licensed Film,102.0,1,6.1,49.1,72.72999999999999,8,Fri,5.5468,"A world-famous orchestra conductor discovers the brother he never knew he had — a school cafeteria worker who plays trombone in a local marching band. Detecting his brother's exceptional musical talent, he takes it upon himself to rectify the injustice of fate.",/6lATJ42bWGAIQ0cG2dzSZD8bNcL.jpg,2026-08-21,real_tmdb_pull,2026-08-17,0,1,26.252618
TMDB1744846,anywhere,Drama,Licensed Film,13.0,1,0.006,17.5,0.0,8,Sat,3.2448,"In early 2000s rural America, an introspective high school senior tries to finish a scholarship essay that will determine the next four years- or maybe the rest of her life.",/7JDtIuzuhgGs5zhDa7OSw091kLl.jpg,2026-08-22,real_tmdb_pull,2026-08-17,0,1,0.0
TMDB1599181,Chronovisor,Thriller,Licensed Film,99.0,1,0.055,5.3,0.0,9,Fri,2.8383,"A French academic is seduced into a world of untold histories in her scholarly quest to uncover the mystery of a history-capturing camera-like machine created by clandestine Benedictine monks. An academic-noir, armchair mystery in the lineage of Jorge Luis Borges and Umberto Eco.",/llsrJhr77V0jOsXmEmlvcSyJMZD.jpg,2026-09-04,real_tmdb_pull,2026-08-17,0,1,0.0
TMDB1732497,LEATHERBACK,Sci-Fi,Original Film,37.0,1,0.005,40.4,0.0,8,Sat,2.1517,"In 1994, a college film crew began documenting two promising physics students, Yulon Ackster and Anthony Schmitt, as they claimed to have cracked the code of controlling time itself. The project was expunged following a terrorist attack in Melbourne, Florida. This is the unsealed footage of what they found.",/3LiYJSUbsevGgYdS49aIYWO27er.jpg,2026-08-29,real_tmdb_pull,2026-08-17,0,0,0.0
TMDB9799,The Fast and the Furious,Action,Licensed Film,106.0,1,38.0,80.7,70.13,6,Fri,1.6051,"Dominic Toretto is a Los Angeles street racer suspected of masterminding a series of big-rig hijackings. When undercover cop Brian O'Conner infiltrates Toretto's iconoclastic crew, he falls for Toretto's sister and must choose a side: the gang or the LAPD.",/gqY0ITBgT7A82poL9jv851qdnIb.jpg,2001-06-22,real_tmdb_pull,2026-08-17,0,1,207.283925
TMDB1736908,Last Reckoning,Thriller,Original Film,64.0,1,0.003,15.8,0.0,9,Tue,1.482,"Despite his best efforts to stay away from crime while he's out on parole, Dan's life takes a turn when a duffel bag full of cash meant for gangsters is mistakenly placed in his trunk. With the help of his eccentric friend, he has to choose whether to return the money to keep his family and friends safe, or to run and save himself.",/hLvMleRYNmXVucJ4wTrHXDBy2Ma.jpg,2026-09-01,real_tmdb_pull,2026-08-17,0,0,0.0
TMDB1514056,Nika & Madison,Drama,Original Film,87.0,1,2.0,35.1,0.0,8,Fri,1.3408,"Fearing they won't be believed, two young Indigenous women go on the run after one's defense of the other results in a violent attack against a police officer.",/j3x9UqLLhAESI75TCjOszArBHFW.jpg,2026-08-28,real_tmdb_pull,2026-08-17,0,0,0.0
TMDB1664187,Late Night At The Movies,Horror,Original Film,90.0,1,0.001,14.0,0.0,9,Fri,1.1079,"After an Employee goes missing, Kayleigh is called into work on her only day off. She plans on spending the night after hours only to find that something sinister is lurking throughout the Theater - Stalking her.",/6q4x4EHkCDlkPmlRpk8zg4JEMCh.jpg,2026-09-04,real_tmdb_pull,2026-08-17,0,0,0.0
TMDB1499604,The House is Fire,Drama,Licensed Film,155.0,1,0.7,77.2,0.0,8,Fri,1.0543,"Disparate childhood friends, now elite firefighters, must rekindle their fractured relationship when a series of deadly fires sweep across Texas.",,2026-08-28,real_tmdb_pull,2026-08-17,0,1,0.16
TMDB1744850,A River of Blues,Documentary,Licensed Film,61.0,1,0.001,3.5,0.0,8,Sat,0.889,"After a devastating diagnosis, a Kansas City family rallies to find a cure for a little-known rare disease.",/xQLRwjip3pkraBJBvw1pf5DMuQ5.jpg,2026-08-22,real_tmdb_pull,2026-08-17,0,1,0.0
TMDB1610088,We'll Keep It Down,Horror,Licensed Film,12.0,1,0.00015,21.1,0.0,9,Sat,0.5687,"A dumb late-night garage hangout fueled by loud music and too much smoking gets interrupted by a noise complaint. Tensions rise, paranoia sets in, and before anyone knows what's happening, the night turns ugly in ways no one saw coming.",/ciZe9qXJ4hSxEtLJrSIzSn5B1vg.jpg,2026-09-05,real_tmdb_pull,2026-08-17,0,1,0.0
TMDB1403355,Down the Long River,Drama,Original Film,98.0,1,0.1,1.7,0.0,7,Fri,1.5944,"In the aftermath of the Civil War, a former Army surgeon, a notorious gang, and a duplicitous Pinkerton agent cross paths in a tiny river town. When revenge and a fortune in gold are at stake, the town is caught in the crossfire.",/bjnpSn7mM0LPgas8DyFUJYQwCMR.jpg,2026-07-10,real_tmdb_pull,2026-08-18,0,0,0.0
TMDB1731950,Just Three Words,Thriller,Licensed Film,7.0,1,0.0001,55.2,0.0,7,Wed,1.2692,Two brothers must prepare for the Christmas season while mourning the mysterious disappearance of their sister.,/6LaT7OhLoHGAQy449WnbEUkX4RV.jpg,2026-07-15,real_tmdb_pull,2026-08-18,0,1,0.0
TMDB615,The Passion of the Christ,Drama,Licensed Film,127.0,1,30.0,81.5,75.42,2,Wed,19.3072,A graphic portrayal of the last twelve hours of Jesus of Nazareth's life.,/rBM5o2HpmCfDejuIPybI09tkY3V.jpg,2004-02-25,real_tmdb_pull,2026-08-19,0,1,610.063468
TMDB1596248,If I Go Will They Miss Me,Drama,Licensed Film,95.0,1,0.12,3.7,0.0,9,Fri,2.4074,"A poetic, emotionally expansive father-son story about Black family, grace, imagination, and the hope that love can transform even the most fragile relationships into something more healing and beautiful.",/v8Bcs5kC5EtKmFMomBv5BAB5SRi.jpg,2026-09-11,real_tmdb_pull,2026-08-19,0,1,0.0
TMDB1417935,Filipiñana,Drama,Licensed Film,100.0,1,0.055,20.4,0.0,8,Fri,0.9131,"Isabel feels strangely drawn to Dr. Palanca, the president of the country club where she works. However, after piecing together a violent picture of what lies beneath the club’s pristine surface, she realizes that what began as an innocent infatuation is actually rooted in a sinister shared history.",/paJZyL5uwTJZLlWbEcN6MbFLGYA.jpg,2026-08-28,real_tmdb_pull,2026-08-19,0,1,0.0
TMDB1562166,HAIRDOO,Drama,Licensed Film,11.0,1,0.015668,7.4,0.0,6,Fri,0.6776,"The night before school photos, a spirited young girl attempts to recreate the perfect hairstyle.",,2026-06-05,real_tmdb_pull,2026-08-19,0,1,0.0
TMDB1730773,Painting the Lake,Drama,Original Film,90.0,1,0.1,24.1,0.0,9,Tue,0.4049,A house painter in a small town turns to insurance fraud in order to pay for his brother's medical bills.,,2026-09-15,real_tmdb_pull,2026-08-19,0,0,0.0
TMDB1291595,Insidious: Out of the Further,Horror,Licensed Film,106.0,1,18.0,58.3,56.25,8,Fri,46.5651,"Gemma, a young mother raising her daughter in the house she grew up in, discovers she can travel into The Further, where she possesses an ability to bring what lives there back to the real world.",/4tTrW9dXCByS5wt2pXVWb58zNjz.jpg,2026-08-21,real_tmdb_pull,2026-08-20,0,1,3.0
TMDB1444466,Awarapan 2,Action,Licensed Film,142.0,1,5.4,65.0,0.0,8,Fri,28.2282,"Shivam returns to the crime world, where his path forward demands redemption, love, and sacrifice. As relationships deepen and conflicts intensify, every choice tests his resolve and shapes his destiny.",/lD3J6zTbWkVtPYuSUuuBwpuKMCO.jpg,2026-08-14,real_tmdb_pull,2026-08-20,0,1,14.0
TMDB6435,Practical Magic,Romance,Licensed Film,104.0,1,75.0,88.3,67.72,10,Fri,15.0131,"Sally and Gillian Owens, born into a magical family, have mostly avoided witchcraft themselves. But when Gillian's vicious boyfriend, Jimmy Angelov, dies unexpectedly, the Owens sisters give themselves a crash course in hard magic. With policeman Gary Hallet growing suspicious, the girls struggle to resurrect Angelov -- and unwittingly inject his corpse with an evil spirit that threatens to end their family line.",/AwmToSgf2IL3aHv0QRVsR5KvChv.jpg,1998-10-16,real_tmdb_pull,2026-08-20,0,1,68.336997
TMDB1520103,Stomachache,Horror,Licensed Film,14.0,1,0.004,35.0,0.0,8,Fri,1.9634,"A woman over works herself to the point that she begins overeating, but, after eating uncooked food, she becomes grotesquely ill and unable to work properly",/kMokOYfqiXL8I97TMhn59vQJXlC.jpg,2026-08-21,real_tmdb_pull,2026-08-20,0,1,0.0
TMDB1727409,Jodi,Comedy,Original Film,88.0,1,0.03,33.3,0.0,7,Fri,1.0223,"A horror comedy made in Indianapolis about a woman named Jodi, a wannabe 80’s video vixen who likes locking men in her torture shed. Jodi loves her girlfriend TJ more than anything, and the feeling is mutual. So when TJ finds out about the shed, she tries her best to help the victims…but only makes it worse.  Jodi is a wild romp about the pleasures of rock n roll, sapphic love, and torture…don’t miss it!!",/eNPQJrbC8RoqSIQCn41u0PZIkoX.jpg,2026-07-17,real_tmdb_pull,2026-08-20,0,0,0.0
TMDB1384216,The Dog Stars,Sci-Fi,Original Film,119.0,1,110.0,86.7,0.0,8,Fri,19.0121,"After the world's population has been ravaged by a pandemic, a man lives a lonesome existence in a Colorado airplane hangar with his dog and a dour gunman he has befriended. When a mysterious transmission comes through on the radio while he’s flying his old Cessna, it sparks a hunt for the provenance of the sound.",/A7i16oDi03qrKep5pBfuTWNUTb.jpg,2026-08-28,real_tmdb_pull,2026-08-20,0,0,19.3
TMDB1752086,Peta Joy In...I'm Not A Lesbian,Animation,Licensed Film,6.0,1,0.00016,1.7,0.0,9,Sun,0.0336,"Growing tired of her mediocre DL Trade, Peta Joy retreats into homoerotic female friendships while refusing to admit she's a lesbian.",/aJ6hDH9bZyBWdn7baiR4uABx2sZ.jpg,2026-09-06,real_tmdb_pull,2026-08-20,0,1,0.0
TMDB1288445,Mutiny,Action,Licensed Film,95.0,1,40.0,100.0,69.0,8,Fri,229.9234,"After witnessing his billionaire boss' murder and being framed for the crime, Cole Reed boards a cargo ship on a one-man crusade to avenge his boss' death only to discover an international conspiracy.",/lsYSWqj6i2iyUDJoLA2cazFJYlC.jpg,2026-08-21,real_tmdb_pull,2026-08-21,0,1,7.5
TMDB1744826,Eye to Eye,Drama,Original Film,4.0,1,0.001,6.7,0.0,8,Tue,1.1076,A young man helps his girlfriend to see without sight.,/eewL4fChWhu7Rjsw0Lx6P7m1Y2o.jpg,2026-08-11,real_tmdb_pull,2026-08-21,0,0,0.0
TMDB1380417,By Any Means,Drama,Licensed Film,107.0,1,30.0,85.0,0.0,9,Fri,4.4339,"A young Black FBI agent is sent into 1960s Mississippi to investigate a wave of brutal killings targeting civil rights leaders. Forced to work alongside notorious mafia hitman Greg Scarpa, he finds himself pulled into a deadly hunt where justice and vengeance begin to blur.",/f4hdIed8vh10O8TkQ1CkHS8MQ3G.jpg,2026-09-04,real_tmdb_pull,2026-08-21,0,1,0.0
TMDB1747888,Inferno,Sci-Fi,Licensed Film,34.0,1,0.0015,33.3,0.0,8,Tue,3.1848,"Twenty years after a mysterious energy-gathering event, Dante remains haunted by what he witnessed that night. Withdrawn and unstable, he can no longer distinguish memory from hallucination. As his children investigate the tragedy that fractured their family, they uncover a past shaped by suppressed memories, guilt, and unresolved consequences. Meanwhile, Dante is pursued by Virgil, a spectral presence who acts as both guide and tormentor. Through a series of psychological trials, Virgil forces him to confront his distorted recollections, moral failures, and the truth of what happened in 2022. As past and present collide, Dante and his children must face their conflicting versions of the truth—and discover whether understanding it will bring forgiveness and redemption or cost them their sanity.",/tkXj32LcCMh3ixnyOmP4V83261i.jpg,2026-08-11,real_tmdb_pull,2026-08-22,0,1,0.0
TMDB1748917,Slice of Life,Romance,Original Film,4.0,1,0.0012,13.3,0.0,8,Fri,1.8777,A slice of life in the big city as two neighbors confront their feelings for one another,/j1a4sgyieVFgfqmzSHRpT3IgkXe.jpg,2026-08-14,real_tmdb_pull,2026-08-22,0,0,0.0
TMDB1649674,Joshua,Horror,Original Film,52.0,1,0.0005,6.7,0.0,8,Wed,1.2669,A boy is trapped in his mothers basement. He has special powers.,/vPSNoZxpyFqnTEYmlSxuyiaCqs2.jpg,2026-08-19,real_tmdb_pull,2026-08-22,0,0,0.0
TMDB11171,Mysterious Skin,Drama,Licensed Film,105.0,1,3.0,81.7,77.0,5,Fri,5.9849,"A teenage hustler and a young man obsessed with alien abductions cross paths, together discovering a horrible, liberating truth.",/wgSwDqhl6Rt3cuSCwt5sNpPna3x.jpg,2005-05-06,real_tmdb_pull,2026-08-26,0,1,2.148548
TMDB1751507,Hunger,Horror,Original Film,15.0,1,0.0015,28.3,0.0,8,Thu,3.2955,"A young woman is hired by a man to care for his sick father overnight. But as the hours pass, the seemingly straightforward job becomes increasingly more sinister.",/8r8mpgQ2Rs8EGc2mOPxSvZpJdrP.jpg,2026-08-13,real_tmdb_pull,2026-08-26,0,0,0.0
TMDB586353,The Master and Margarita,Sci-Fi,Licensed Film,157.0,1,15.0,63.3,68.0,9,Fri,9.2124,"A struggling writer in 1930s Soviet Moscow finds his life transformed when a mysterious professor arrives with his bizarre entourage, including a wisecracking trickster, a deadly assassin, a vampire maid, and a giant talking black cat, turning the city upside down while exposing the hypocrisy of those in power.",/jw172VAlwfYtWNWvhVrXZPW3jGT.jpg,2026-09-18,real_tmdb_pull,2026-08-26,0,1,28.013812
TMDB1857,The Transformers: The Movie,Animation,Licensed Film,85.0,1,6.0,53.3,71.0,8,Fri,6.5208,"The Autobots must stop a colossal planet-consuming robot who goes after the Autobot Matrix of Leadership. At the same time, they must defend themselves against an all-out attack from the Decepticons.",/xJ5W0mOAWCVaXmU0pBZh4NjSRv2.jpg,1986-08-08,real_tmdb_pull,2026-08-26,0,1,5.860601
TMDB1636410,Castration Movie Chapter iii.ii Junior Ghosts—Premorphic Drift; a fragmentary passage,Comedy,Original Film,127.0,1,0.015,20.0,0.0,9,Mon,1.905,Izzy does everything in her power to stop her partner from transitioning.,/yrtTSMW3qP84MEMQiYI8GJkTOAE.jpg,2026-09-21,real_tmdb_pull,2026-08-26,0,0,0.0
TMDB91735,My Brother's Wedding,Drama,Licensed Film,81.0,1,0.05,5.0,71.0,3,Fri,1.0577,"A young African-American man, living in Los Angeles without direction in his life, reluctantly agrees to be the best man for his brother, an upwardly mobile lawyer.",/oYtUp1UDMVTsA4rcIuugF0PDnIO.jpg,1985-03-01,real_tmdb_pull,2026-08-26,0,1,0.0
TMDB9323,Ghost in the Shell,Action,Licensed Film,83.0,1,3.0,53.3,79.26,3,Fri,17.3325,"In the year 2029, the barriers of our world have been broken down by the net and by cybernetics, but this brings new vulnerability to humans in the form of brain-hacking. When a highly-wanted hacker known as 'The Puppetmaster' begins involving them in politics, Section 9, a group of cybernetically enhanced cops, are called in to investigate and stop the Puppetmaster.",/9gC88zYUBARRSThcG93MvW14sqx.jpg,1996-03-29,real_tmdb_pull,2026-08-27,0,1,10.0
TMDB1681323,See Me,Drama,Licensed Film,17.0,1,0.03,36.7,0.0,9,Sat,1.4769,"When his father refuses to stop reaching out, a young man groomed online at twelve must decide whether to finally let someone see what was left behind.",/bDArz1DGQDFPajRN7AOLf8a3gQF.jpg,2026-09-19,real_tmdb_pull,2026-08-27,0,1,0.0
TMDB1423191,Resident Evil,Horror,Original Film,94.0,1,80.0,65.0,0.0,9,Fri,15.8195,"Bryan, a medical courier, unwittingly finds himself fighting for survival as one fateful, horrifying night collapses around him in chaos.",/guq5cJ43v0qcMtLqrYHe5P9fgFM.jpg,2026-09-18,real_tmdb_pull,2026-08-28,0,0,0.0
TMDB843352,Legend of the White Dragon,Action,Original Film,97.0,1,0.508578,46.7,75.0,8,Fri,6.2916,"Forced to hide in the shadows, fugitive hero Erik Reed must clear his name to reunite with his family. Standing in his way is a mysterious villain obsessed with destroying the White Dragon for good.",/kaMEYF6bMuOO3z504EIm7P1zprT.jpg,2026-08-28,real_tmdb_pull,2026-08-30,0,0,0.0
TMDB1741519,Favorite Child,Comedy,Original Film,13.0,1,0.005,18.3,80.0,7,Thu,1.6756,"A group of siblings must confront their tensions and secrets when a family dog accidentally ingests one brother's pills. As fear and guilt surface, the crisis forces the fractured family closer together.",/gTNQTqmzjkLSjnyel58SIs5VhsB.jpg,2026-07-30,real_tmdb_pull,2026-08-30,0,0,0.0
TMDB1508168,Bethlehem Kudumba Unit,Romance,Licensed Film,155.0,1,2.410029,61.7,83.0,9,Fri,12.1917,"Ashley's homecoming from abroad takes an emotional turn when a wedding next door stirs memories of her first love, Justin.",/uaSZiH6yoGaVJcqzKtrfSkqDuHX.jpg,2026-09-04,real_tmdb_pull,2026-09-01,0,1,0.0
TMDB1755851,P A L A C E,Thriller,Licensed Film,18.0,1,0.001,8.3,0.0,9,Tue,1.579,"New Orleans’ beloved Historic Palace Theatre is set for demolition, when the supervisor behind the project discovers why it closed down from the souls lost inside.",/jkGsaMDs2JCuUfLe7C7JG3bY8fN.jpg,2026-09-15,real_tmdb_pull,2026-09-01,0,1,0.0
TMDB1514026,Buddy,Horror,Licensed Film,95.0,1,0.25,83.3,84.0,8,Fri,51.9921,"A magical, singing orange unicorn holds his cast hostage in a surreal TV-show dimension, as he becomes more and more demented.",/6Lh4ZlsAISFQFVfLZ90sE9ycVnN.jpg,2026-08-28,real_tmdb_pull,2026-09-02,0,1,6.238073
TMDB299534,Avengers: Endgame,Action,Licensed Film,181.0,1,356.0,93.3,82.0,4,Fri,65.5717,"After the devastating events of Avengers: Infinity War, the universe is in ruins due to the efforts of the Mad Titan, Thanos. With the help of remaining allies, the Avengers must assemble once more in order to undo Thanos' actions and restore order to the universe once and for all, no matter what consequences may be in store.",/ulzhLuWrPK07P1YkdWQLZnQh1JL.jpg,2019-04-26,real_tmdb_pull,2026-09-02,0,1,2799.4391
TMDB128,Princess Mononoke,Action,Original Film,134.0,1,23.5,41.7,83.19000000000001,10,Fri,26.7971,"Ashitaka, a prince of the disappearing Emishi people, is cursed by a demonized boar god and must journey to the west to find a cure. Along the way, he encounters San, a young human woman fighting to protect the forest, and Lady Eboshi, who is trying to destroy it. Ashitaka must find a way to bring balance to this conflict.",/cMYCDADoLKLbB83g4WnJegaZimC.jpg,1999-10-29,real_tmdb_pull,2026-09-02,0,0,176.506186
TMDB14919,Batman: Mask of the Phantasm,Animation,Original Film,76.0,1,6.0,46.7,75.02,12,Sat,9.8767,"Andrea Beaumont leaves her father to return to Gotham, rekindling an old romance with Bruce Wayne. At the same time, a mysterious figure begins to hunt down Gotham's criminals, wrongly implicating Batman in the murders. Now on the run from the law, Batman must find and stop the culprit, while also navigating his relationship with Andrea.",/hT4ehUteagUrhUOHAtmYiY7mp5l.jpg,1993-12-25,real_tmdb_pull,2026-09-02,0,0,5.617391
TMDB1755458,Peekers,Drama,Original Film,8.0,1,0.0008,8.3,0.0,9,Sat,1.8561,While trying to get into the Christmas spirit Johnny has a horrifying encounter.,/zH2dIfJhPZJVVwLDUTh9VyJoG48.jpg,2026-09-26,real_tmdb_pull,2026-09-02,0,0,0.0
TMDB1686780,Showstopper,Thriller,Licensed Film,14.0,1,0.005,11.7,0.0,9,Fri,1.1782,"A young woman is trapped in the clutches of a musical-obssesed serial killer, having to perform for her life to free herself from the perfection she is expected to achieve.",/zFSkz0uKWcmoMcyn2BWVd4aWGNB.jpg,2026-09-25,real_tmdb_pull,2026-09-02,0,1,0.0
TMDB1713412,Cat People,Documentary,Licensed Film,28.0,1,0.0046,63.3,0.0,9,Sat,1.0111,"As Athens faces a stray cat crisis, two veterinarians and a network of volunteers give their time and resources to help the city’s overwhelming cat population",/vM3IgKhn0YRz2ZEfivMyW5Ml6os.jpg,2026-09-26,real_tmdb_pull,2026-09-02,0,1,0.0
